[2026-04-26 23:21:30] Starting new admin tunnel...
[2026-04-26 23:21:30] Started cloudflared PID: 1690834
[2026-04-26 23:21:34] Admin tunnel URL: https://col-lying-column-scientists.trycloudflare.com
[2026-04-26 23:21:37] WARN: Admin tunnel returned 000
[2026-04-26 23:21:37] Updating admin.html: https://lean-cdna-russell-physician.trycloudflare.com -> https://col-lying-column-scientists.trycloudflare.com
Version auto-updated to v1210
[main 44022ad] Auto-update admin tunnel URL
 2 files changed, 4 insertions(+), 4 deletions(-)
To https://github.com/ssurealitylab/ssurealitylab.github.io.git
   451806b..44022ad  main -> main
[2026-04-26 23:21:39] Successfully pushed admin URL to GitHub
2026-04-26T14:21:30Z INF Thank you for trying Cloudflare Tunnel. Doing so, without a Cloudflare account, is a quick way to experiment and try it out. However, be aware that these account-less Tunnels have no uptime guarantee, are subject to the Cloudflare Online Services Terms of Use (https://www.cloudflare.com/website-terms/), and Cloudflare reserves the right to investigate your use of Tunnels for violations of such terms. If you intend to use Tunnels in production you should use a pre-created named tunnel by following: https://developers.cloudflare.com/cloudflare-one/connections/connect-apps
2026-04-26T14:21:30Z INF Requesting new quick Tunnel on trycloudflare.com...
2026-04-26T14:21:33Z INF +--------------------------------------------------------------------------------------------+
2026-04-26T14:21:33Z INF |  Your quick Tunnel has been created! Visit it at (it may take some time to be reachable):  |
2026-04-26T14:21:33Z INF |  https://col-lying-column-scientists.trycloudflare.com                                     |
2026-04-26T14:21:33Z INF +--------------------------------------------------------------------------------------------+
2026-04-26T14:21:33Z INF Cannot determine default configuration path. No file [config.yml config.yaml] in [~/.cloudflared ~/.cloudflare-warp ~/cloudflare-warp /etc/cloudflared /usr/local/etc/cloudflared]
2026-04-26T14:21:33Z INF Version 2026.1.1 (Checksum 0c3de409287cc60264cd59a285c434a243ec6d1d79ff39dc8d36b716f9dda7ef)
2026-04-26T14:21:33Z INF GOOS: linux, GOVersion: go1.24.11, GoArch: amd64
2026-04-26T14:21:33Z INF Settings: map[ha-connections:1 protocol:quic url:http://localhost:4010]
2026-04-26T14:21:33Z INF Autoupdate frequency is set autoupdateFreq=86400000
2026-04-26T14:21:33Z INF Generated Connector ID: f0cd6b66-3bcf-42d4-b5d9-5b763a9f9292
2026-04-26T14:21:33Z INF Initial protocol quic
2026-04-26T14:21:33Z INF ICMP proxy will use 203.253.25.165 as source for IPv4
2026-04-26T14:21:33Z INF ICMP proxy will use fe80::3ae1:3c0d:ec12:c6ee in zone enp4s0 as source for IPv6
2026-04-26T14:21:33Z INF ICMP proxy will use 203.253.25.165 as source for IPv4
2026-04-26T14:21:33Z INF ICMP proxy will use fe80::3ae1:3c0d:ec12:c6ee in zone enp4s0 as source for IPv6
2026-04-26T14:21:33Z INF Starting metrics server on 127.0.0.1:20242/metrics
2026-04-26T14:21:33Z INF Tunnel connection curve preferences: [X25519MLKEM768 CurveP256] connIndex=0 event=0 ip=198.41.200.13
2026/04/26 23:21:33 failed to sufficiently increase receive buffer size (was: 208 kiB, wanted: 7168 kiB, got: 416 kiB). See https://github.com/quic-go/quic-go/wiki/UDP-Buffer-Sizes for details.
2026-04-26T14:21:33Z INF Registered tunnel connection connIndex=0 connection=b2ef4ba7-18b3-4c40-b4d4-7d47af413b4f event=0 ip=198.41.200.13 location=icn05 protocol=quic
[2026-04-27 08:00:13] Starting new admin tunnel...
[2026-04-27 08:00:13] Started cloudflared PID: 1718555
[2026-04-27 08:00:14] Starting new admin tunnel...
[2026-04-27 08:00:14] Started cloudflared PID: 1718569
[2026-04-27 08:00:16] Admin tunnel URL: https://apartment-nothing-slope-today.trycloudflare.com
[2026-04-27 08:00:17] Admin tunnel URL: https://alone-empty-disclose-diy.trycloudflare.com
[2026-04-27 08:00:19] WARN: Admin tunnel returned 000
[2026-04-27 08:00:19] Updating admin.html: https://rome-abroad-sacred-mas.trycloudflare.com -> https://apartment-nothing-slope-today.trycloudflare.com
Version auto-updated to v1222
[main 589ed9c] Auto-update admin tunnel URL
 2 files changed, 4 insertions(+), 4 deletions(-)
[2026-04-27 08:00:20] WARN: Admin tunnel returned 000
[2026-04-27 08:00:20] Updating admin.html: https://apartment-nothing-slope-today.trycloudflare.com -> https://alone-empty-disclose-diy.trycloudflare.com
Version auto-updated to v1223
[main 7b0accf] Auto-update admin tunnel URL
 2 files changed, 4 insertions(+), 4 deletions(-)
To https://github.com/ssurealitylab/ssurealitylab.github.io.git
   881d35c..589ed9c  main -> main
[2026-04-27 08:00:21] Successfully pushed admin URL to GitHub
2026-04-26T23:00:14Z INF Thank you for trying Cloudflare Tunnel. Doing so, without a Cloudflare account, is a quick way to experiment and try it out. However, be aware that these account-less Tunnels have no uptime guarantee, are subject to the Cloudflare Online Services Terms of Use (https://www.cloudflare.com/website-terms/), and Cloudflare reserves the right to investigate your use of Tunnels for violations of such terms. If you intend to use Tunnels in production you should use a pre-created named tunnel by following: https://developers.cloudflare.com/cloudflare-one/connections/connect-apps
2026-04-26T23:00:14Z INF Requesting new quick Tunnel on trycloudflare.com...
2026-04-26T23:00:16Z INF +--------------------------------------------------------------------------------------------+
2026-04-26T23:00:16Z INF |  Your quick Tunnel has been created! Visit it at (it may take some time to be reachable):  |
2026-04-26T23:00:16Z INF |  https://alone-empty-disclose-diy.trycloudflare.com                                        |
2026-04-26T23:00:16Z INF +--------------------------------------------------------------------------------------------+
2026-04-26T23:00:16Z INF Cannot determine default configuration path. No file [config.yml config.yaml] in [~/.cloudflared ~/.cloudflare-warp ~/cloudflare-warp /etc/cloudflared /usr/local/etc/cloudflared]
2026-04-26T23:00:16Z INF Version 2026.1.1 (Checksum 0c3de409287cc60264cd59a285c434a243ec6d1d79ff39dc8d36b716f9dda7ef)
2026-04-26T23:00:16Z INF GOOS: linux, GOVersion: go1.24.11, GoArch: amd64
2026-04-26T23:00:16Z INF Settings: map[ha-connections:1 protocol:quic url:http://localhost:4010]
2026-04-26T23:00:16Z INF Autoupdate frequency is set autoupdateFreq=86400000
2026-04-26T23:00:16Z INF Generated Connector ID: bb30f450-09b9-4fef-b809-78b6fdbeed1e
2026-04-26T23:00:16Z INF Initial protocol quic
2026-04-26T23:00:16Z INF ICMP proxy will use 203.253.25.165 as source for IPv4
2026-04-26T23:00:16Z INF ICMP proxy will use fe80::3ae1:3c0d:ec12:c6ee in zone enp4s0 as source for IPv6
2026-04-26T23:00:16Z INF ICMP proxy will use 203.253.25.165 as source for IPv4
2026-04-26T23:00:16Z INF ICMP proxy will use fe80::3ae1:3c0d:ec12:c6ee in zone enp4s0 as source for IPv6
2026-04-26T23:00:16Z INF Starting metrics server on 127.0.0.1:20242/metrics
2026-04-26T23:00:16Z INF Tunnel connection curve preferences: [X25519MLKEM768 CurveP256] connIndex=0 event=0 ip=198.41.200.33
2026/04/27 08:00:16 failed to sufficiently increase receive buffer size (was: 208 kiB, wanted: 7168 kiB, got: 416 kiB). See https://github.com/quic-go/quic-go/wiki/UDP-Buffer-Sizes for details.
2026-04-26T23:00:17Z INF Registered tunnel connection connIndex=0 connection=ba615753-4914-4a35-8a69-877ba45743ae event=0 ip=198.41.200.33 location=icn01 protocol=quic
To https://github.com/ssurealitylab/ssurealitylab.github.io.git
 ! [remote rejected] main -> main (cannot lock ref 'refs/heads/main': is at 7b0accf83b0ac38ebe3354f72f0dac2db8aabde5 but expected 881d35c1c3106ed1bccd4ea5995974227e03a2f7)
error: failed to push some refs to 'https://github.com/ssurealitylab/ssurealitylab.github.io.git'
[2026-04-27 08:00:22] WARNING: Failed to push to GitHub
[2026-04-28 08:00:12] Killed old admin tunnel PID: 1718569
[2026-04-28 08:00:15] Starting new admin tunnel...
[2026-04-28 08:00:15] Started cloudflared PID: 1741224
[2026-04-28 08:00:19] Admin tunnel URL: https://cgi-reporters-correct-visitors.trycloudflare.com
[2026-04-28 08:00:22] WARN: Admin tunnel returned 000
[2026-04-28 08:00:22] Updating admin.html: https://alone-empty-disclose-diy.trycloudflare.com -> https://cgi-reporters-correct-visitors.trycloudflare.com
Version auto-updated to v1225
[main 88f0eec] Auto-update admin tunnel URL
 2 files changed, 5 insertions(+), 5 deletions(-)
To https://github.com/ssurealitylab/ssurealitylab.github.io.git
   dcf57a7..88f0eec  main -> main
[2026-04-28 08:00:25] Successfully pushed admin URL to GitHub
2026-04-27T23:00:15Z INF Thank you for trying Cloudflare Tunnel. Doing so, without a Cloudflare account, is a quick way to experiment and try it out. However, be aware that these account-less Tunnels have no uptime guarantee, are subject to the Cloudflare Online Services Terms of Use (https://www.cloudflare.com/website-terms/), and Cloudflare reserves the right to investigate your use of Tunnels for violations of such terms. If you intend to use Tunnels in production you should use a pre-created named tunnel by following: https://developers.cloudflare.com/cloudflare-one/connections/connect-apps
2026-04-27T23:00:15Z INF Requesting new quick Tunnel on trycloudflare.com...
2026-04-27T23:00:18Z INF +--------------------------------------------------------------------------------------------+
2026-04-27T23:00:18Z INF |  Your quick Tunnel has been created! Visit it at (it may take some time to be reachable):  |
2026-04-27T23:00:18Z INF |  https://cgi-reporters-correct-visitors.trycloudflare.com                                  |
2026-04-27T23:00:18Z INF +--------------------------------------------------------------------------------------------+
2026-04-27T23:00:18Z INF Cannot determine default configuration path. No file [config.yml config.yaml] in [~/.cloudflared ~/.cloudflare-warp ~/cloudflare-warp /etc/cloudflared /usr/local/etc/cloudflared]
2026-04-27T23:00:18Z INF Version 2026.1.1 (Checksum 0c3de409287cc60264cd59a285c434a243ec6d1d79ff39dc8d36b716f9dda7ef)
2026-04-27T23:00:18Z INF GOOS: linux, GOVersion: go1.24.11, GoArch: amd64
2026-04-27T23:00:18Z INF Settings: map[ha-connections:1 protocol:quic url:http://localhost:4010]
2026-04-27T23:00:18Z INF Autoupdate frequency is set autoupdateFreq=86400000
2026-04-27T23:00:18Z INF Generated Connector ID: 0a0b83c2-8f1c-432b-a4ec-9c2126d9e8f2
2026-04-27T23:00:18Z INF Initial protocol quic
2026-04-27T23:00:18Z INF ICMP proxy will use 203.253.25.165 as source for IPv4
2026-04-27T23:00:18Z INF ICMP proxy will use fe80::3ae1:3c0d:ec12:c6ee in zone enp4s0 as source for IPv6
2026-04-27T23:00:18Z INF ICMP proxy will use 203.253.25.165 as source for IPv4
2026-04-27T23:00:18Z INF ICMP proxy will use fe80::3ae1:3c0d:ec12:c6ee in zone enp4s0 as source for IPv6
2026-04-27T23:00:18Z INF Starting metrics server on 127.0.0.1:20241/metrics
2026-04-27T23:00:18Z INF Tunnel connection curve preferences: [X25519MLKEM768 CurveP256] connIndex=0 event=0 ip=198.41.200.63
2026/04/28 08:00:18 failed to sufficiently increase receive buffer size (was: 208 kiB, wanted: 7168 kiB, got: 416 kiB). See https://github.com/quic-go/quic-go/wiki/UDP-Buffer-Sizes for details.
2026-04-27T23:00:18Z INF Registered tunnel connection connIndex=0 connection=3292e7e7-5726-4859-bc81-644d86c2b0d2 event=0 ip=198.41.200.63 location=icn01 protocol=quic
[2026-04-29 08:00:11] Killed old admin tunnel PID: 1741224
[2026-04-29 08:00:14] Starting new admin tunnel...
[2026-04-29 08:00:14] Started cloudflared PID: 2118675
[2026-04-29 08:00:18] Admin tunnel URL: https://quilt-ellis-friday-david.trycloudflare.com
[2026-04-29 08:00:21] WARN: Admin tunnel returned 000
[2026-04-29 08:00:21] Updating admin.html: https://cgi-reporters-correct-visitors.trycloudflare.com -> https://quilt-ellis-friday-david.trycloudflare.com
Version auto-updated to v1235
[main f3b879a] Auto-update admin tunnel URL
 2 files changed, 4 insertions(+), 4 deletions(-)
remote: This repository moved. Please use the new location:        
remote:   https://github.com/ssurealitylab/ssurealitylab-site.git        
To https://github.com/ssurealitylab/ssurealitylab.github.io.git
   70c647f..f3b879a  main -> main
[2026-04-29 08:00:24] Successfully pushed admin URL to GitHub
2026-04-28T23:00:14Z INF Thank you for trying Cloudflare Tunnel. Doing so, without a Cloudflare account, is a quick way to experiment and try it out. However, be aware that these account-less Tunnels have no uptime guarantee, are subject to the Cloudflare Online Services Terms of Use (https://www.cloudflare.com/website-terms/), and Cloudflare reserves the right to investigate your use of Tunnels for violations of such terms. If you intend to use Tunnels in production you should use a pre-created named tunnel by following: https://developers.cloudflare.com/cloudflare-one/connections/connect-apps
2026-04-28T23:00:14Z INF Requesting new quick Tunnel on trycloudflare.com...
2026-04-28T23:00:18Z INF +--------------------------------------------------------------------------------------------+
2026-04-28T23:00:18Z INF |  Your quick Tunnel has been created! Visit it at (it may take some time to be reachable):  |
2026-04-28T23:00:18Z INF |  https://quilt-ellis-friday-david.trycloudflare.com                                        |
2026-04-28T23:00:18Z INF +--------------------------------------------------------------------------------------------+
2026-04-28T23:00:18Z INF Cannot determine default configuration path. No file [config.yml config.yaml] in [~/.cloudflared ~/.cloudflare-warp ~/cloudflare-warp /etc/cloudflared /usr/local/etc/cloudflared]
2026-04-28T23:00:18Z INF Version 2026.1.1 (Checksum 0c3de409287cc60264cd59a285c434a243ec6d1d79ff39dc8d36b716f9dda7ef)
2026-04-28T23:00:18Z INF GOOS: linux, GOVersion: go1.24.11, GoArch: amd64
2026-04-28T23:00:18Z INF Settings: map[ha-connections:1 protocol:quic url:http://localhost:4010]
2026-04-28T23:00:18Z INF Autoupdate frequency is set autoupdateFreq=86400000
2026-04-28T23:00:18Z INF Generated Connector ID: 819c8d16-4ca3-4071-8897-a6f887141e8f
2026-04-28T23:00:18Z INF Initial protocol quic
2026-04-28T23:00:18Z INF ICMP proxy will use 203.253.25.165 as source for IPv4
2026-04-28T23:00:18Z INF ICMP proxy will use fe80::3ae1:3c0d:ec12:c6ee in zone enp4s0 as source for IPv6
2026-04-28T23:00:18Z INF ICMP proxy will use 203.253.25.165 as source for IPv4
2026-04-28T23:00:18Z INF ICMP proxy will use fe80::3ae1:3c0d:ec12:c6ee in zone enp4s0 as source for IPv6
2026-04-28T23:00:18Z INF Starting metrics server on 127.0.0.1:20241/metrics
2026-04-28T23:00:18Z INF Tunnel connection curve preferences: [X25519MLKEM768 CurveP256] connIndex=0 event=0 ip=198.41.200.13
2026/04/29 08:00:18 failed to sufficiently increase receive buffer size (was: 208 kiB, wanted: 7168 kiB, got: 416 kiB). See https://github.com/quic-go/quic-go/wiki/UDP-Buffer-Sizes for details.
2026-04-28T23:00:18Z INF Registered tunnel connection connIndex=0 connection=b129469d-d6ee-4473-b697-d5f51ad043ae event=0 ip=198.41.200.13 location=icn01 protocol=quic
[2026-04-30 08:00:09] Killed old admin tunnel PID: 2118675
[2026-04-30 08:00:12] Starting new admin tunnel...
[2026-04-30 08:00:12] Started cloudflared PID: 2490221
[2026-04-30 08:00:16] Admin tunnel URL: https://punch-gold-harris-mag.trycloudflare.com
[2026-04-30 08:00:19] WARN: Admin tunnel returned 000
[2026-04-30 08:00:19] Updating admin.html: https://quilt-ellis-friday-david.trycloudflare.com -> https://punch-gold-harris-mag.trycloudflare.com
Version auto-updated to v1236
[main 7785dda] Auto-update admin tunnel URL
 2 files changed, 5 insertions(+), 5 deletions(-)
remote: This repository moved. Please use the new location:        
remote:   https://github.com/ssurealitylab/ssurealitylab-site.git        
To https://github.com/ssurealitylab/ssurealitylab.github.io.git
   f3b879a..7785dda  main -> main
[2026-04-30 08:00:22] Successfully pushed admin URL to GitHub
2026-04-29T23:00:12Z INF Thank you for trying Cloudflare Tunnel. Doing so, without a Cloudflare account, is a quick way to experiment and try it out. However, be aware that these account-less Tunnels have no uptime guarantee, are subject to the Cloudflare Online Services Terms of Use (https://www.cloudflare.com/website-terms/), and Cloudflare reserves the right to investigate your use of Tunnels for violations of such terms. If you intend to use Tunnels in production you should use a pre-created named tunnel by following: https://developers.cloudflare.com/cloudflare-one/connections/connect-apps
2026-04-29T23:00:12Z INF Requesting new quick Tunnel on trycloudflare.com...
2026-04-29T23:00:15Z INF +--------------------------------------------------------------------------------------------+
2026-04-29T23:00:15Z INF |  Your quick Tunnel has been created! Visit it at (it may take some time to be reachable):  |
2026-04-29T23:00:15Z INF |  https://punch-gold-harris-mag.trycloudflare.com                                           |
2026-04-29T23:00:15Z INF +--------------------------------------------------------------------------------------------+
2026-04-29T23:00:15Z INF Cannot determine default configuration path. No file [config.yml config.yaml] in [~/.cloudflared ~/.cloudflare-warp ~/cloudflare-warp /etc/cloudflared /usr/local/etc/cloudflared]
2026-04-29T23:00:15Z INF Version 2026.1.1 (Checksum 0c3de409287cc60264cd59a285c434a243ec6d1d79ff39dc8d36b716f9dda7ef)
2026-04-29T23:00:15Z INF GOOS: linux, GOVersion: go1.24.11, GoArch: amd64
2026-04-29T23:00:15Z INF Settings: map[ha-connections:1 protocol:quic url:http://localhost:4010]
2026-04-29T23:00:15Z INF Autoupdate frequency is set autoupdateFreq=86400000
2026-04-29T23:00:15Z INF Generated Connector ID: d3736c1b-757f-4dbc-bed1-b0379589ce40
2026-04-29T23:00:15Z INF Initial protocol quic
2026-04-29T23:00:15Z INF ICMP proxy will use 203.253.25.165 as source for IPv4
2026-04-29T23:00:15Z INF ICMP proxy will use fe80::3ae1:3c0d:ec12:c6ee in zone enp4s0 as source for IPv6
2026-04-29T23:00:15Z INF ICMP proxy will use 203.253.25.165 as source for IPv4
2026-04-29T23:00:15Z INF ICMP proxy will use fe80::3ae1:3c0d:ec12:c6ee in zone enp4s0 as source for IPv6
2026-04-29T23:00:15Z INF Starting metrics server on 127.0.0.1:20241/metrics
2026-04-29T23:00:15Z INF Tunnel connection curve preferences: [X25519MLKEM768 CurveP256] connIndex=0 event=0 ip=198.41.192.7
2026/04/30 08:00:15 failed to sufficiently increase receive buffer size (was: 208 kiB, wanted: 7168 kiB, got: 416 kiB). See https://github.com/quic-go/quic-go/wiki/UDP-Buffer-Sizes for details.
2026-04-29T23:00:16Z INF Registered tunnel connection connIndex=0 connection=0a302d6a-e53a-41d5-9c4e-92be1925038c event=0 ip=198.41.192.7 location=icn06 protocol=quic
[2026-05-01 08:00:10] Killed old admin tunnel PID: 2490221
[2026-05-01 08:00:13] Starting new admin tunnel...
[2026-05-01 08:00:13] Started cloudflared PID: 3057788
[2026-05-01 08:00:17] Admin tunnel URL: https://toolkit-qualifications-default-items.trycloudflare.com
[2026-05-01 08:00:20] WARN: Admin tunnel returned 000
[2026-05-01 08:00:20] Updating admin.html: https://punch-gold-harris-mag.trycloudflare.com -> https://toolkit-qualifications-default-items.trycloudflare.com
Version auto-updated to v1241
[main facc990] Auto-update admin tunnel URL
 2 files changed, 4 insertions(+), 4 deletions(-)
To https://github.com/ssurealitylab/ssurealitylab.github.io.git
 ! [rejected]        main -> main (fetch first)
error: failed to push some refs to 'https://github.com/ssurealitylab/ssurealitylab.github.io.git'
hint: Updates were rejected because the remote contains work that you do
hint: not have locally. This is usually caused by another repository pushing
hint: to the same ref. You may want to first integrate the remote changes
hint: (e.g., 'git pull ...') before pushing again.
hint: See the 'Note about fast-forwards' in 'git push --help' for details.
[2026-05-01 08:00:22] WARNING: Failed to push to GitHub
2026-04-30T23:00:13Z INF Thank you for trying Cloudflare Tunnel. Doing so, without a Cloudflare account, is a quick way to experiment and try it out. However, be aware that these account-less Tunnels have no uptime guarantee, are subject to the Cloudflare Online Services Terms of Use (https://www.cloudflare.com/website-terms/), and Cloudflare reserves the right to investigate your use of Tunnels for violations of such terms. If you intend to use Tunnels in production you should use a pre-created named tunnel by following: https://developers.cloudflare.com/cloudflare-one/connections/connect-apps
2026-04-30T23:00:13Z INF Requesting new quick Tunnel on trycloudflare.com...
2026-04-30T23:00:16Z INF +--------------------------------------------------------------------------------------------+
2026-04-30T23:00:16Z INF |  Your quick Tunnel has been created! Visit it at (it may take some time to be reachable):  |
2026-04-30T23:00:16Z INF |  https://toolkit-qualifications-default-items.trycloudflare.com                            |
2026-04-30T23:00:16Z INF +--------------------------------------------------------------------------------------------+
2026-04-30T23:00:16Z INF Cannot determine default configuration path. No file [config.yml config.yaml] in [~/.cloudflared ~/.cloudflare-warp ~/cloudflare-warp /etc/cloudflared /usr/local/etc/cloudflared]
2026-04-30T23:00:16Z INF Version 2026.1.1 (Checksum 0c3de409287cc60264cd59a285c434a243ec6d1d79ff39dc8d36b716f9dda7ef)
2026-04-30T23:00:16Z INF GOOS: linux, GOVersion: go1.24.11, GoArch: amd64
2026-04-30T23:00:16Z INF Settings: map[ha-connections:1 protocol:quic url:http://localhost:4010]
2026-04-30T23:00:16Z INF Autoupdate frequency is set autoupdateFreq=86400000
2026-04-30T23:00:16Z INF Generated Connector ID: efd9f9eb-c18c-476b-a087-893bea07b816
2026-04-30T23:00:16Z INF Initial protocol quic
2026-04-30T23:00:16Z INF ICMP proxy will use 203.253.25.165 as source for IPv4
2026-04-30T23:00:16Z INF ICMP proxy will use fe80::3ae1:3c0d:ec12:c6ee in zone enp4s0 as source for IPv6
2026-04-30T23:00:16Z INF ICMP proxy will use 203.253.25.165 as source for IPv4
2026-04-30T23:00:16Z INF ICMP proxy will use fe80::3ae1:3c0d:ec12:c6ee in zone enp4s0 as source for IPv6
2026-04-30T23:00:16Z INF Starting metrics server on 127.0.0.1:20241/metrics
2026-04-30T23:00:16Z INF Tunnel connection curve preferences: [X25519MLKEM768 CurveP256] connIndex=0 event=0 ip=198.41.192.77
2026/05/01 08:00:16 failed to sufficiently increase receive buffer size (was: 208 kiB, wanted: 7168 kiB, got: 416 kiB). See https://github.com/quic-go/quic-go/wiki/UDP-Buffer-Sizes for details.
2026-04-30T23:00:17Z INF Registered tunnel connection connIndex=0 connection=c37bdf8f-9305-4e01-aa0c-f0a77cc966c5 event=0 ip=198.41.192.77 location=icn06 protocol=quic
[2026-05-02 08:00:09] Killed old admin tunnel PID: 3057788
[2026-05-02 08:00:12] Starting new admin tunnel...
[2026-05-02 08:00:12] Started cloudflared PID: 3337880
[2026-05-02 08:00:16] Admin tunnel URL: https://trusted-critical-sig-proud.trycloudflare.com
[2026-05-02 08:00:19] WARN: Admin tunnel returned 000
[2026-05-02 08:00:19] Updating admin.html: https://toolkit-qualifications-default-items.trycloudflare.com -> https://trusted-critical-sig-proud.trycloudflare.com
Version auto-updated to v1242
[main b5505eb] Auto-update admin tunnel URL
 2 files changed, 5 insertions(+), 5 deletions(-)
To https://github.com/ssurealitylab/ssurealitylab.github.io.git
 ! [rejected]        main -> main (fetch first)
error: failed to push some refs to 'https://github.com/ssurealitylab/ssurealitylab.github.io.git'
hint: Updates were rejected because the remote contains work that you do
hint: not have locally. This is usually caused by another repository pushing
hint: to the same ref. You may want to first integrate the remote changes
hint: (e.g., 'git pull ...') before pushing again.
hint: See the 'Note about fast-forwards' in 'git push --help' for details.
[2026-05-02 08:00:21] WARNING: Failed to push to GitHub
2026-05-01T23:00:12Z INF Thank you for trying Cloudflare Tunnel. Doing so, without a Cloudflare account, is a quick way to experiment and try it out. However, be aware that these account-less Tunnels have no uptime guarantee, are subject to the Cloudflare Online Services Terms of Use (https://www.cloudflare.com/website-terms/), and Cloudflare reserves the right to investigate your use of Tunnels for violations of such terms. If you intend to use Tunnels in production you should use a pre-created named tunnel by following: https://developers.cloudflare.com/cloudflare-one/connections/connect-apps
2026-05-01T23:00:12Z INF Requesting new quick Tunnel on trycloudflare.com...
2026-05-01T23:00:14Z INF +--------------------------------------------------------------------------------------------+
2026-05-01T23:00:14Z INF |  Your quick Tunnel has been created! Visit it at (it may take some time to be reachable):  |
2026-05-01T23:00:14Z INF |  https://trusted-critical-sig-proud.trycloudflare.com                                      |
2026-05-01T23:00:14Z INF +--------------------------------------------------------------------------------------------+
2026-05-01T23:00:14Z INF Cannot determine default configuration path. No file [config.yml config.yaml] in [~/.cloudflared ~/.cloudflare-warp ~/cloudflare-warp /etc/cloudflared /usr/local/etc/cloudflared]
2026-05-01T23:00:14Z INF Version 2026.1.1 (Checksum 0c3de409287cc60264cd59a285c434a243ec6d1d79ff39dc8d36b716f9dda7ef)
2026-05-01T23:00:14Z INF GOOS: linux, GOVersion: go1.24.11, GoArch: amd64
2026-05-01T23:00:14Z INF Settings: map[ha-connections:1 protocol:quic url:http://localhost:4010]
2026-05-01T23:00:14Z INF Autoupdate frequency is set autoupdateFreq=86400000
2026-05-01T23:00:14Z INF Generated Connector ID: 86fd2246-332c-40f4-b1ae-031c5fa6813e
2026-05-01T23:00:14Z INF Initial protocol quic
2026-05-01T23:00:14Z INF ICMP proxy will use 203.253.25.165 as source for IPv4
2026-05-01T23:00:14Z INF ICMP proxy will use fe80::3ae1:3c0d:ec12:c6ee in zone enp4s0 as source for IPv6
2026-05-01T23:00:14Z INF ICMP proxy will use 203.253.25.165 as source for IPv4
2026-05-01T23:00:14Z INF ICMP proxy will use fe80::3ae1:3c0d:ec12:c6ee in zone enp4s0 as source for IPv6
2026-05-01T23:00:14Z INF Starting metrics server on 127.0.0.1:20242/metrics
2026-05-01T23:00:14Z INF Tunnel connection curve preferences: [X25519MLKEM768 CurveP256] connIndex=0 event=0 ip=198.41.200.43
2026/05/02 08:00:15 failed to sufficiently increase receive buffer size (was: 208 kiB, wanted: 7168 kiB, got: 416 kiB). See https://github.com/quic-go/quic-go/wiki/UDP-Buffer-Sizes for details.
2026-05-01T23:00:15Z INF Registered tunnel connection connIndex=0 connection=7aeb164f-f903-4468-8647-71d495f9cc7a event=0 ip=198.41.200.43 location=icn05 protocol=quic
[2026-05-03 08:00:09] Killed old admin tunnel PID: 3337880
[2026-05-03 08:00:12] Starting new admin tunnel...
[2026-05-03 08:00:12] Started cloudflared PID: 3786855
[2026-05-03 08:00:16] Admin tunnel URL: https://carnival-tire-forward-pit.trycloudflare.com
[2026-05-03 08:00:19] WARN: Admin tunnel returned 000
[2026-05-03 08:00:19] Updating admin.html: https://trusted-critical-sig-proud.trycloudflare.com -> https://carnival-tire-forward-pit.trycloudflare.com
Version auto-updated to v1244
[main 27bb18d] Auto-update admin tunnel URL
 2 files changed, 5 insertions(+), 5 deletions(-)
To https://github.com/ssurealitylab/ssurealitylab.github.io.git
 ! [rejected]        main -> main (fetch first)
error: failed to push some refs to 'https://github.com/ssurealitylab/ssurealitylab.github.io.git'
hint: Updates were rejected because the remote contains work that you do
hint: not have locally. This is usually caused by another repository pushing
hint: to the same ref. You may want to first integrate the remote changes
hint: (e.g., 'git pull ...') before pushing again.
hint: See the 'Note about fast-forwards' in 'git push --help' for details.
[2026-05-03 08:00:21] WARNING: Failed to push to GitHub
2026-05-02T23:00:12Z INF Thank you for trying Cloudflare Tunnel. Doing so, without a Cloudflare account, is a quick way to experiment and try it out. However, be aware that these account-less Tunnels have no uptime guarantee, are subject to the Cloudflare Online Services Terms of Use (https://www.cloudflare.com/website-terms/), and Cloudflare reserves the right to investigate your use of Tunnels for violations of such terms. If you intend to use Tunnels in production you should use a pre-created named tunnel by following: https://developers.cloudflare.com/cloudflare-one/connections/connect-apps
2026-05-02T23:00:12Z INF Requesting new quick Tunnel on trycloudflare.com...
2026-05-02T23:00:15Z INF +--------------------------------------------------------------------------------------------+
2026-05-02T23:00:15Z INF |  Your quick Tunnel has been created! Visit it at (it may take some time to be reachable):  |
2026-05-02T23:00:15Z INF |  https://carnival-tire-forward-pit.trycloudflare.com                                       |
2026-05-02T23:00:15Z INF +--------------------------------------------------------------------------------------------+
2026-05-02T23:00:15Z INF Cannot determine default configuration path. No file [config.yml config.yaml] in [~/.cloudflared ~/.cloudflare-warp ~/cloudflare-warp /etc/cloudflared /usr/local/etc/cloudflared]
2026-05-02T23:00:15Z INF Version 2026.1.1 (Checksum 0c3de409287cc60264cd59a285c434a243ec6d1d79ff39dc8d36b716f9dda7ef)
2026-05-02T23:00:15Z INF GOOS: linux, GOVersion: go1.24.11, GoArch: amd64
2026-05-02T23:00:15Z INF Settings: map[ha-connections:1 protocol:quic url:http://localhost:4010]
2026-05-02T23:00:15Z INF Autoupdate frequency is set autoupdateFreq=86400000
2026-05-02T23:00:15Z INF Generated Connector ID: 91556290-ec8f-4573-8d89-7b69f7a4b7ba
2026-05-02T23:00:15Z INF Initial protocol quic
2026-05-02T23:00:15Z INF ICMP proxy will use 203.253.25.165 as source for IPv4
2026-05-02T23:00:15Z INF ICMP proxy will use fe80::3ae1:3c0d:ec12:c6ee in zone enp4s0 as source for IPv6
2026-05-02T23:00:15Z INF ICMP proxy will use 203.253.25.165 as source for IPv4
2026-05-02T23:00:15Z INF ICMP proxy will use fe80::3ae1:3c0d:ec12:c6ee in zone enp4s0 as source for IPv6
2026-05-02T23:00:15Z INF Starting metrics server on 127.0.0.1:20242/metrics
2026-05-02T23:00:15Z INF Tunnel connection curve preferences: [X25519MLKEM768 CurveP256] connIndex=0 event=0 ip=198.41.200.33
2026/05/03 08:00:15 failed to sufficiently increase receive buffer size (was: 208 kiB, wanted: 7168 kiB, got: 416 kiB). See https://github.com/quic-go/quic-go/wiki/UDP-Buffer-Sizes for details.
2026-05-02T23:00:16Z INF Registered tunnel connection connIndex=0 connection=90a31f94-4788-4de2-8b01-350932e5eff3 event=0 ip=198.41.200.33 location=icn05 protocol=quic
[2026-05-04 08:00:10] Killed old admin tunnel PID: 3786855
[2026-05-04 08:00:13] Starting new admin tunnel...
[2026-05-04 08:00:13] Started cloudflared PID: 2824
[2026-05-04 08:00:17] Admin tunnel URL: https://novel-stars-clan-watched.trycloudflare.com
[2026-05-04 08:00:20] WARN: Admin tunnel returned 000
[2026-05-04 08:00:20] Updating admin.html: https://carnival-tire-forward-pit.trycloudflare.com -> https://novel-stars-clan-watched.trycloudflare.com
Version auto-updated to v1246
[main 7b5f303] Auto-update admin tunnel URL
 2 files changed, 5 insertions(+), 5 deletions(-)
To https://github.com/ssurealitylab/ssurealitylab.github.io.git
 ! [rejected]        main -> main (fetch first)
error: failed to push some refs to 'https://github.com/ssurealitylab/ssurealitylab.github.io.git'
hint: Updates were rejected because the remote contains work that you do
hint: not have locally. This is usually caused by another repository pushing
hint: to the same ref. You may want to first integrate the remote changes
hint: (e.g., 'git pull ...') before pushing again.
hint: See the 'Note about fast-forwards' in 'git push --help' for details.
[2026-05-04 08:00:22] WARNING: Failed to push to GitHub
2026-05-03T23:00:13Z INF Thank you for trying Cloudflare Tunnel. Doing so, without a Cloudflare account, is a quick way to experiment and try it out. However, be aware that these account-less Tunnels have no uptime guarantee, are subject to the Cloudflare Online Services Terms of Use (https://www.cloudflare.com/website-terms/), and Cloudflare reserves the right to investigate your use of Tunnels for violations of such terms. If you intend to use Tunnels in production you should use a pre-created named tunnel by following: https://developers.cloudflare.com/cloudflare-one/connections/connect-apps
2026-05-03T23:00:13Z INF Requesting new quick Tunnel on trycloudflare.com...
2026-05-03T23:00:15Z INF +--------------------------------------------------------------------------------------------+
2026-05-03T23:00:15Z INF |  Your quick Tunnel has been created! Visit it at (it may take some time to be reachable):  |
2026-05-03T23:00:15Z INF |  https://novel-stars-clan-watched.trycloudflare.com                                        |
2026-05-03T23:00:15Z INF +--------------------------------------------------------------------------------------------+
2026-05-03T23:00:15Z INF Cannot determine default configuration path. No file [config.yml config.yaml] in [~/.cloudflared ~/.cloudflare-warp ~/cloudflare-warp /etc/cloudflared /usr/local/etc/cloudflared]
2026-05-03T23:00:15Z INF Version 2026.1.1 (Checksum 0c3de409287cc60264cd59a285c434a243ec6d1d79ff39dc8d36b716f9dda7ef)
2026-05-03T23:00:15Z INF GOOS: linux, GOVersion: go1.24.11, GoArch: amd64
2026-05-03T23:00:15Z INF Settings: map[ha-connections:1 protocol:quic url:http://localhost:4010]
2026-05-03T23:00:15Z INF Autoupdate frequency is set autoupdateFreq=86400000
2026-05-03T23:00:15Z INF Generated Connector ID: 14ef0076-a5a8-4427-abc5-3b0093e18e6d
2026-05-03T23:00:15Z INF Initial protocol quic
2026-05-03T23:00:15Z INF ICMP proxy will use 203.253.25.165 as source for IPv4
2026-05-03T23:00:15Z INF ICMP proxy will use fe80::3ae1:3c0d:ec12:c6ee in zone enp4s0 as source for IPv6
2026-05-03T23:00:15Z INF ICMP proxy will use 203.253.25.165 as source for IPv4
2026-05-03T23:00:15Z INF ICMP proxy will use fe80::3ae1:3c0d:ec12:c6ee in zone enp4s0 as source for IPv6
2026-05-03T23:00:15Z INF Starting metrics server on 127.0.0.1:20242/metrics
2026-05-03T23:00:15Z INF Tunnel connection curve preferences: [X25519MLKEM768 CurveP256] connIndex=0 event=0 ip=198.41.192.227
2026/05/04 08:00:15 failed to sufficiently increase receive buffer size (was: 208 kiB, wanted: 7168 kiB, got: 416 kiB). See https://github.com/quic-go/quic-go/wiki/UDP-Buffer-Sizes for details.
2026-05-03T23:00:16Z INF Registered tunnel connection connIndex=0 connection=55111a69-c7c2-4dbc-9e20-371438caf0e9 event=0 ip=198.41.192.227 location=icn06 protocol=quic
[2026-05-05 08:02:03] Starting new admin tunnel...
[2026-05-05 08:02:03] Started cloudflared PID: 77858
[2026-05-05 08:02:07] Admin tunnel URL: https://highs-ticket-applying-oops.trycloudflare.com
[2026-05-05 08:02:10] WARN: Admin tunnel returned 000
[2026-05-05 08:02:10] Updating admin.html: https://novel-stars-clan-watched.trycloudflare.com -> https://highs-ticket-applying-oops.trycloudflare.com
Version auto-updated to v1248
[main c8fc4e1] Auto-update admin tunnel URL
 2 files changed, 5 insertions(+), 5 deletions(-)
To https://github.com/ssurealitylab/ssurealitylab.github.io.git
 ! [rejected]        main -> main (fetch first)
error: failed to push some refs to 'https://github.com/ssurealitylab/ssurealitylab.github.io.git'
hint: Updates were rejected because the remote contains work that you do
hint: not have locally. This is usually caused by another repository pushing
hint: to the same ref. You may want to first integrate the remote changes
hint: (e.g., 'git pull ...') before pushing again.
hint: See the 'Note about fast-forwards' in 'git push --help' for details.
[2026-05-05 08:02:12] WARNING: Failed to push to GitHub
2026-05-04T23:02:03Z INF Thank you for trying Cloudflare Tunnel. Doing so, without a Cloudflare account, is a quick way to experiment and try it out. However, be aware that these account-less Tunnels have no uptime guarantee, are subject to the Cloudflare Online Services Terms of Use (https://www.cloudflare.com/website-terms/), and Cloudflare reserves the right to investigate your use of Tunnels for violations of such terms. If you intend to use Tunnels in production you should use a pre-created named tunnel by following: https://developers.cloudflare.com/cloudflare-one/connections/connect-apps
2026-05-04T23:02:03Z INF Requesting new quick Tunnel on trycloudflare.com...
2026-05-04T23:02:07Z INF +--------------------------------------------------------------------------------------------+
2026-05-04T23:02:07Z INF |  Your quick Tunnel has been created! Visit it at (it may take some time to be reachable):  |
2026-05-04T23:02:07Z INF |  https://highs-ticket-applying-oops.trycloudflare.com                                      |
2026-05-04T23:02:07Z INF +--------------------------------------------------------------------------------------------+
2026-05-04T23:02:07Z INF Cannot determine default configuration path. No file [config.yml config.yaml] in [~/.cloudflared ~/.cloudflare-warp ~/cloudflare-warp /etc/cloudflared /usr/local/etc/cloudflared]
2026-05-04T23:02:07Z INF Version 2026.3.0 (Checksum 4a9e50e6d6d798e90fcd01933151a90bf7edd99a0a55c28ad18f2e16263a5c30)
2026-05-04T23:02:07Z INF GOOS: linux, GOVersion: go1.24.13, GoArch: amd64
2026-05-04T23:02:07Z INF Settings: map[ha-connections:1 protocol:quic url:http://localhost:4010]
2026-05-04T23:02:07Z INF Autoupdate frequency is set autoupdateFreq=86400000
2026-05-04T23:02:07Z INF Generated Connector ID: 6ba3251b-08a2-43c4-9953-02d1b6b661ae
2026-05-04T23:02:07Z INF Initial protocol quic
2026-05-04T23:02:07Z INF ICMP proxy will use 203.253.25.165 as source for IPv4
2026-05-04T23:02:07Z INF ICMP proxy will use fe80::3ae1:3c0d:ec12:c6ee in zone enp4s0 as source for IPv6
2026-05-04T23:02:07Z INF ICMP proxy will use 203.253.25.165 as source for IPv4
2026-05-04T23:02:07Z INF ICMP proxy will use fe80::3ae1:3c0d:ec12:c6ee in zone enp4s0 as source for IPv6
2026-05-04T23:02:07Z INF Starting metrics server on 127.0.0.1:20241/metrics
2026-05-04T23:02:07Z INF Tunnel connection curve preferences: [X25519MLKEM768 CurveP256] connIndex=0 event=0 ip=198.41.200.13
2026/05/05 08:02:07 failed to sufficiently increase receive buffer size (was: 208 kiB, wanted: 7168 kiB, got: 416 kiB). See https://github.com/quic-go/quic-go/wiki/UDP-Buffer-Sizes for details.
2026-05-04T23:02:07Z INF Registered tunnel connection connIndex=0 connection=59bb6de3-c2de-46b9-8b57-75901f9d7e0b event=0 ip=198.41.200.13 location=icn05 protocol=quic
[2026-05-06 08:00:09] Killed old admin tunnel PID: 77858
[2026-05-06 08:00:12] Starting new admin tunnel...
[2026-05-06 08:00:12] Started cloudflared PID: 208856
[2026-05-06 08:00:16] Admin tunnel URL: https://movements-php-races-suspended.trycloudflare.com
[2026-05-06 08:00:19] WARN: Admin tunnel returned 000
[2026-05-06 08:00:19] Updating admin.html: https://highs-ticket-applying-oops.trycloudflare.com -> https://movements-php-races-suspended.trycloudflare.com
Version auto-updated to v1250
[main 6195250] Auto-update admin tunnel URL
 2 files changed, 5 insertions(+), 5 deletions(-)
To https://github.com/ssurealitylab/ssurealitylab.github.io.git
 ! [rejected]        main -> main (fetch first)
error: failed to push some refs to 'https://github.com/ssurealitylab/ssurealitylab.github.io.git'
hint: Updates were rejected because the remote contains work that you do
hint: not have locally. This is usually caused by another repository pushing
hint: to the same ref. You may want to first integrate the remote changes
hint: (e.g., 'git pull ...') before pushing again.
hint: See the 'Note about fast-forwards' in 'git push --help' for details.
[2026-05-06 08:00:21] WARNING: Failed to push to GitHub
2026-05-05T23:00:12Z INF Thank you for trying Cloudflare Tunnel. Doing so, without a Cloudflare account, is a quick way to experiment and try it out. However, be aware that these account-less Tunnels have no uptime guarantee, are subject to the Cloudflare Online Services Terms of Use (https://www.cloudflare.com/website-terms/), and Cloudflare reserves the right to investigate your use of Tunnels for violations of such terms. If you intend to use Tunnels in production you should use a pre-created named tunnel by following: https://developers.cloudflare.com/cloudflare-one/connections/connect-apps
2026-05-05T23:00:12Z INF Requesting new quick Tunnel on trycloudflare.com...
2026-05-05T23:00:16Z INF +--------------------------------------------------------------------------------------------+
2026-05-05T23:00:16Z INF |  Your quick Tunnel has been created! Visit it at (it may take some time to be reachable):  |
2026-05-05T23:00:16Z INF |  https://movements-php-races-suspended.trycloudflare.com                                   |
2026-05-05T23:00:16Z INF +--------------------------------------------------------------------------------------------+
2026-05-05T23:00:16Z INF Cannot determine default configuration path. No file [config.yml config.yaml] in [~/.cloudflared ~/.cloudflare-warp ~/cloudflare-warp /etc/cloudflared /usr/local/etc/cloudflared]
2026-05-05T23:00:16Z INF Version 2026.3.0 (Checksum 4a9e50e6d6d798e90fcd01933151a90bf7edd99a0a55c28ad18f2e16263a5c30)
2026-05-05T23:00:16Z INF GOOS: linux, GOVersion: go1.24.13, GoArch: amd64
2026-05-05T23:00:16Z INF Settings: map[ha-connections:1 protocol:quic url:http://localhost:4010]
2026-05-05T23:00:16Z INF Autoupdate frequency is set autoupdateFreq=86400000
2026-05-05T23:00:16Z INF Generated Connector ID: b85a9119-b50e-42ac-a24e-8d397c806ff8
2026-05-05T23:00:16Z INF Initial protocol quic
2026-05-05T23:00:16Z INF ICMP proxy will use 203.253.25.165 as source for IPv4
2026-05-05T23:00:16Z INF ICMP proxy will use fe80::3ae1:3c0d:ec12:c6ee in zone enp4s0 as source for IPv6
2026-05-05T23:00:16Z INF ICMP proxy will use 203.253.25.165 as source for IPv4
2026-05-05T23:00:16Z INF ICMP proxy will use fe80::3ae1:3c0d:ec12:c6ee in zone enp4s0 as source for IPv6
2026-05-05T23:00:16Z INF Starting metrics server on 127.0.0.1:20242/metrics
2026-05-05T23:00:16Z INF Tunnel connection curve preferences: [X25519MLKEM768 CurveP256] connIndex=0 event=0 ip=198.41.192.47
2026/05/06 08:00:16 failed to sufficiently increase receive buffer size (was: 208 kiB, wanted: 7168 kiB, got: 416 kiB). See https://github.com/quic-go/quic-go/wiki/UDP-Buffer-Sizes for details.
2026-05-05T23:00:16Z INF Registered tunnel connection connIndex=0 connection=0be36b9a-d306-4438-a4b1-7ec94320017f event=0 ip=198.41.192.47 location=icn06 protocol=quic
[2026-05-07 08:00:36] Killed old admin tunnel PID: 208856
[2026-05-07 08:00:39] Starting new admin tunnel...
[2026-05-07 08:00:39] Started cloudflared PID: 403827
[2026-05-07 08:00:45] Admin tunnel URL: https://locator-thumbs-layout-vinyl.trycloudflare.com
[2026-05-07 08:00:48] WARN: Admin tunnel returned 000
[2026-05-07 08:00:48] Updating admin.html: https://movements-php-races-suspended.trycloudflare.com -> https://locator-thumbs-layout-vinyl.trycloudflare.com
Version auto-updated to v1252
[main abcec7d] Auto-update admin tunnel URL
 2 files changed, 5 insertions(+), 5 deletions(-)
To https://github.com/ssurealitylab/ssurealitylab.github.io.git
 ! [rejected]        main -> main (fetch first)
error: failed to push some refs to 'https://github.com/ssurealitylab/ssurealitylab.github.io.git'
hint: Updates were rejected because the remote contains work that you do
hint: not have locally. This is usually caused by another repository pushing
hint: to the same ref. You may want to first integrate the remote changes
hint: (e.g., 'git pull ...') before pushing again.
hint: See the 'Note about fast-forwards' in 'git push --help' for details.
[2026-05-07 08:00:50] WARNING: Failed to push to GitHub
2026-05-06T23:00:39Z INF Thank you for trying Cloudflare Tunnel. Doing so, without a Cloudflare account, is a quick way to experiment and try it out. However, be aware that these account-less Tunnels have no uptime guarantee, are subject to the Cloudflare Online Services Terms of Use (https://www.cloudflare.com/website-terms/), and Cloudflare reserves the right to investigate your use of Tunnels for violations of such terms. If you intend to use Tunnels in production you should use a pre-created named tunnel by following: https://developers.cloudflare.com/cloudflare-one/connections/connect-apps
2026-05-06T23:00:39Z INF Requesting new quick Tunnel on trycloudflare.com...
2026-05-06T23:00:44Z INF +--------------------------------------------------------------------------------------------+
2026-05-06T23:00:44Z INF |  Your quick Tunnel has been created! Visit it at (it may take some time to be reachable):  |
2026-05-06T23:00:44Z INF |  https://locator-thumbs-layout-vinyl.trycloudflare.com                                     |
2026-05-06T23:00:44Z INF +--------------------------------------------------------------------------------------------+
2026-05-06T23:00:44Z INF Cannot determine default configuration path. No file [config.yml config.yaml] in [~/.cloudflared ~/.cloudflare-warp ~/cloudflare-warp /etc/cloudflared /usr/local/etc/cloudflared]
2026-05-06T23:00:44Z INF Version 2026.3.0 (Checksum 4a9e50e6d6d798e90fcd01933151a90bf7edd99a0a55c28ad18f2e16263a5c30)
2026-05-06T23:00:44Z INF GOOS: linux, GOVersion: go1.24.13, GoArch: amd64
2026-05-06T23:00:44Z INF Settings: map[ha-connections:1 protocol:quic url:http://localhost:4010]
2026-05-06T23:00:44Z INF Autoupdate frequency is set autoupdateFreq=86400000
2026-05-06T23:00:44Z INF Generated Connector ID: 1e5d8235-df3f-468b-813d-69b842a4fcfb
2026-05-06T23:00:44Z INF Initial protocol quic
2026-05-06T23:00:44Z INF ICMP proxy will use 203.253.25.165 as source for IPv4
2026-05-06T23:00:44Z INF ICMP proxy will use fe80::3ae1:3c0d:ec12:c6ee in zone enp4s0 as source for IPv6
2026-05-06T23:00:44Z INF ICMP proxy will use 203.253.25.165 as source for IPv4
2026-05-06T23:00:44Z INF ICMP proxy will use fe80::3ae1:3c0d:ec12:c6ee in zone enp4s0 as source for IPv6
2026-05-06T23:00:44Z INF Starting metrics server on 127.0.0.1:20241/metrics
2026-05-06T23:00:44Z INF Tunnel connection curve preferences: [X25519MLKEM768 CurveP256] connIndex=0 event=0 ip=198.41.192.57
2026/05/07 08:00:44 failed to sufficiently increase receive buffer size (was: 208 kiB, wanted: 7168 kiB, got: 416 kiB). See https://github.com/quic-go/quic-go/wiki/UDP-Buffer-Sizes for details.
2026-05-06T23:00:44Z INF Registered tunnel connection connIndex=0 connection=fe12c202-cb95-4fd8-803a-d51a0864c348 event=0 ip=198.41.192.57 location=icn06 protocol=quic
[2026-05-08 08:00:33] Killed old admin tunnel PID: 403827
[2026-05-08 08:00:36] Starting new admin tunnel...
[2026-05-08 08:00:36] Started cloudflared PID: 477212
[2026-05-08 08:00:42] Admin tunnel URL: https://sandra-ministers-appropriate-all.trycloudflare.com
[2026-05-08 08:00:45] WARN: Admin tunnel returned 000
[2026-05-08 08:00:45] Updating admin.html: https://locator-thumbs-layout-vinyl.trycloudflare.com -> https://sandra-ministers-appropriate-all.trycloudflare.com
Version auto-updated to v1254
[main aa40817] Auto-update admin tunnel URL
 2 files changed, 5 insertions(+), 5 deletions(-)
To https://github.com/ssurealitylab/ssurealitylab.github.io.git
 ! [rejected]        main -> main (fetch first)
error: failed to push some refs to 'https://github.com/ssurealitylab/ssurealitylab.github.io.git'
hint: Updates were rejected because the remote contains work that you do
hint: not have locally. This is usually caused by another repository pushing
hint: to the same ref. You may want to first integrate the remote changes
hint: (e.g., 'git pull ...') before pushing again.
hint: See the 'Note about fast-forwards' in 'git push --help' for details.
[2026-05-08 08:00:46] WARNING: Failed to push to GitHub
2026-05-07T23:00:36Z INF Thank you for trying Cloudflare Tunnel. Doing so, without a Cloudflare account, is a quick way to experiment and try it out. However, be aware that these account-less Tunnels have no uptime guarantee, are subject to the Cloudflare Online Services Terms of Use (https://www.cloudflare.com/website-terms/), and Cloudflare reserves the right to investigate your use of Tunnels for violations of such terms. If you intend to use Tunnels in production you should use a pre-created named tunnel by following: https://developers.cloudflare.com/cloudflare-one/connections/connect-apps
2026-05-07T23:00:36Z INF Requesting new quick Tunnel on trycloudflare.com...
2026-05-07T23:00:40Z INF +--------------------------------------------------------------------------------------------+
2026-05-07T23:00:40Z INF |  Your quick Tunnel has been created! Visit it at (it may take some time to be reachable):  |
2026-05-07T23:00:40Z INF |  https://sandra-ministers-appropriate-all.trycloudflare.com                                |
2026-05-07T23:00:40Z INF +--------------------------------------------------------------------------------------------+
2026-05-07T23:00:40Z INF Cannot determine default configuration path. No file [config.yml config.yaml] in [~/.cloudflared ~/.cloudflare-warp ~/cloudflare-warp /etc/cloudflared /usr/local/etc/cloudflared]
2026-05-07T23:00:40Z INF Version 2026.3.0 (Checksum 4a9e50e6d6d798e90fcd01933151a90bf7edd99a0a55c28ad18f2e16263a5c30)
2026-05-07T23:00:40Z INF GOOS: linux, GOVersion: go1.24.13, GoArch: amd64
2026-05-07T23:00:40Z INF Settings: map[ha-connections:1 protocol:quic url:http://localhost:4010]
2026-05-07T23:00:40Z INF Autoupdate frequency is set autoupdateFreq=86400000
2026-05-07T23:00:40Z INF Generated Connector ID: 8fc51f83-b8f1-47e1-8c3e-b0c93f968267
2026-05-07T23:00:40Z INF Initial protocol quic
2026-05-07T23:00:40Z INF ICMP proxy will use 203.253.25.165 as source for IPv4
2026-05-07T23:00:40Z INF ICMP proxy will use fe80::3ae1:3c0d:ec12:c6ee in zone enp4s0 as source for IPv6
2026-05-07T23:00:40Z INF ICMP proxy will use 203.253.25.165 as source for IPv4
2026-05-07T23:00:40Z INF ICMP proxy will use fe80::3ae1:3c0d:ec12:c6ee in zone enp4s0 as source for IPv6
2026-05-07T23:00:40Z INF Starting metrics server on 127.0.0.1:20241/metrics
2026-05-07T23:00:40Z INF Tunnel connection curve preferences: [X25519MLKEM768 CurveP256] connIndex=0 event=0 ip=198.41.200.43
2026/05/08 08:00:40 failed to sufficiently increase receive buffer size (was: 208 kiB, wanted: 7168 kiB, got: 416 kiB). See https://github.com/quic-go/quic-go/wiki/UDP-Buffer-Sizes for details.
2026-05-07T23:00:40Z INF Registered tunnel connection connIndex=0 connection=f1b666be-ce63-4783-baa2-aa39fcd1dd83 event=0 ip=198.41.200.43 location=icn05 protocol=quic
[2026-05-09 08:00:09] Killed old admin tunnel PID: 477212
[2026-05-09 08:00:13] Starting new admin tunnel...
[2026-05-09 08:00:13] Started cloudflared PID: 558543
[2026-05-09 08:00:19] Admin tunnel URL: https://matching-badly-watches-laptops.trycloudflare.com
[2026-05-09 08:00:22] WARN: Admin tunnel returned 000
[2026-05-09 08:00:22] Updating admin.html: https://sandra-ministers-appropriate-all.trycloudflare.com -> https://matching-badly-watches-laptops.trycloudflare.com
Version auto-updated to v1256
[main 6a785db] Auto-update admin tunnel URL
 2 files changed, 5 insertions(+), 5 deletions(-)
To https://github.com/ssurealitylab/ssurealitylab.github.io.git
 ! [rejected]        main -> main (fetch first)
error: failed to push some refs to 'https://github.com/ssurealitylab/ssurealitylab.github.io.git'
hint: Updates were rejected because the remote contains work that you do
hint: not have locally. This is usually caused by another repository pushing
hint: to the same ref. You may want to first integrate the remote changes
hint: (e.g., 'git pull ...') before pushing again.
hint: See the 'Note about fast-forwards' in 'git push --help' for details.
[2026-05-09 08:00:23] WARNING: Failed to push to GitHub
2026-05-08T23:00:13Z INF Thank you for trying Cloudflare Tunnel. Doing so, without a Cloudflare account, is a quick way to experiment and try it out. However, be aware that these account-less Tunnels have no uptime guarantee, are subject to the Cloudflare Online Services Terms of Use (https://www.cloudflare.com/website-terms/), and Cloudflare reserves the right to investigate your use of Tunnels for violations of such terms. If you intend to use Tunnels in production you should use a pre-created named tunnel by following: https://developers.cloudflare.com/cloudflare-one/connections/connect-apps
2026-05-08T23:00:13Z INF Requesting new quick Tunnel on trycloudflare.com...
2026-05-08T23:00:17Z INF +--------------------------------------------------------------------------------------------+
2026-05-08T23:00:17Z INF |  Your quick Tunnel has been created! Visit it at (it may take some time to be reachable):  |
2026-05-08T23:00:17Z INF |  https://matching-badly-watches-laptops.trycloudflare.com                                  |
2026-05-08T23:00:17Z INF +--------------------------------------------------------------------------------------------+
2026-05-08T23:00:17Z INF Cannot determine default configuration path. No file [config.yml config.yaml] in [~/.cloudflared ~/.cloudflare-warp ~/cloudflare-warp /etc/cloudflared /usr/local/etc/cloudflared]
2026-05-08T23:00:17Z INF Version 2026.3.0 (Checksum 4a9e50e6d6d798e90fcd01933151a90bf7edd99a0a55c28ad18f2e16263a5c30)
2026-05-08T23:00:17Z INF GOOS: linux, GOVersion: go1.24.13, GoArch: amd64
2026-05-08T23:00:17Z INF Settings: map[ha-connections:1 protocol:quic url:http://localhost:4010]
2026-05-08T23:00:17Z INF Autoupdate frequency is set autoupdateFreq=86400000
2026-05-08T23:00:17Z INF Generated Connector ID: a296ebd3-bfe1-4966-a650-a2c1373673ef
2026-05-08T23:00:17Z INF Initial protocol quic
2026-05-08T23:00:17Z INF ICMP proxy will use 203.253.25.165 as source for IPv4
2026-05-08T23:00:17Z INF ICMP proxy will use fe80::3ae1:3c0d:ec12:c6ee in zone enp4s0 as source for IPv6
2026-05-08T23:00:17Z INF ICMP proxy will use 203.253.25.165 as source for IPv4
2026-05-08T23:00:17Z INF ICMP proxy will use fe80::3ae1:3c0d:ec12:c6ee in zone enp4s0 as source for IPv6
2026-05-08T23:00:17Z INF Starting metrics server on 127.0.0.1:20241/metrics
2026-05-08T23:00:17Z INF Tunnel connection curve preferences: [X25519MLKEM768 CurveP256] connIndex=0 event=0 ip=198.41.200.43
2026/05/09 08:00:17 failed to sufficiently increase receive buffer size (was: 208 kiB, wanted: 7168 kiB, got: 416 kiB). See https://github.com/quic-go/quic-go/wiki/UDP-Buffer-Sizes for details.
2026-05-08T23:00:18Z INF Registered tunnel connection connIndex=0 connection=8e916b46-0f16-43ca-97ae-8537b4299d49 event=0 ip=198.41.200.43 location=icn01 protocol=quic
[2026-05-10 08:00:09] Killed old admin tunnel PID: 558543
[2026-05-10 08:00:12] Starting new admin tunnel...
[2026-05-10 08:00:12] Started cloudflared PID: 611300
[2026-05-10 08:00:12] Starting new admin tunnel...
[2026-05-10 08:00:12] Started cloudflared PID: 611315
[2026-05-10 08:00:18] Admin tunnel URL: https://giving-similarly-lyrics-corner.trycloudflare.com
[2026-05-10 08:00:18] Admin tunnel URL: https://giving-similarly-lyrics-corner.trycloudflare.com
[2026-05-10 08:00:21] WARN: Admin tunnel returned 000
[2026-05-10 08:00:21] Updating admin.html: https://matching-badly-watches-laptops.trycloudflare.com -> https://giving-similarly-lyrics-corner.trycloudflare.com
Version auto-updated to v1258
[main 54a657f] Auto-update admin tunnel URL
 2 files changed, 5 insertions(+), 5 deletions(-)
[2026-05-10 08:00:21] WARN: Admin tunnel returned 000
[2026-05-10 08:00:21] URL unchanged, skipping git push
2026-05-09T23:00:12Z INF Thank you for trying Cloudflare Tunnel. Doing so, without a Cloudflare account, is a quick way to experiment and try it out. However, be aware that these account-less Tunnels have no uptime guarantee, are subject to the Cloudflare Online Services Terms of Use (https://www.cloudflare.com/website-terms/), and Cloudflare reserves the right to investigate your use of Tunnels for violations of such terms. If you intend to use Tunnels in production you should use a pre-created named tunnel by following: https://developers.cloudflare.com/cloudflare-one/connections/connect-apps
2026-05-09T23:00:12Z INF Requesting new quick Tunnel on trycloudflare.com...
2026-05-09T23:00:17Z INF +--------------------------------------------------------------------------------------------+
2026-05-09T23:00:17Z INF |  Your quick Tunnel has been created! Visit it at (it may take some time to be reachable):  |
2026-05-09T23:00:17Z INF |  https://giving-similarly-lyrics-corner.trycloudflare.com                                  |
2026-05-09T23:00:17Z INF +--------------------------------------------------------------------------------------------+
2026-05-09T23:00:17Z INF Cannot determine default configuration path. No file [config.yml config.yaml] in [~/.cloudflared ~/.cloudflare-warp ~/cloudflare-warp /etc/cloudflared /usr/local/etc/cloudflared]
2026-05-09T23:00:17Z INF Version 2026.3.0 (Checksum 4a9e50e6d6d798e90fcd01933151a90bf7edd99a0a55c28ad18f2e16263a5c30)
2026-05-09T23:00:17Z INF GOOS: linux, GOVersion: go1.24.13, GoArch: amd64
2026-05-09T23:00:17Z INF Settings: map[ha-connections:1 protocol:quic url:http://localhost:4010]
2026-05-09T23:00:17Z INF Autoupdate frequency is set autoupdateFreq=86400000
2026-05-09T23:00:17Z INF Generated Connector ID: 171410fe-c865-4183-b5eb-43052407513e
2026-05-09T23:00:17Z INF Initial protocol quic
2026-05-09T23:00:17Z INF ICMP proxy will use 203.253.25.165 as source for IPv4
2026-05-09T23:00:17Z INF ICMP proxy will use fe80::3ae1:3c0d:ec12:c6ee in zone enp4s0 as source for IPv6
2026-05-09T23:00:17Z INF ICMP proxy will use 203.253.25.165 as source for IPv4
2026-05-09T23:00:17Z INF ICMP proxy will use fe80::3ae1:3c0d:ec12:c6ee in zone enp4s0 as source for IPv6
2026-05-09T23:00:17Z INF Starting metrics server on 127.0.0.1:20241/metrics
2026-05-09T23:00:17Z INF Tunnel connection curve preferences: [X25519MLKEM768 CurveP256] connIndex=0 event=0 ip=198.41.200.73
2026/05/10 08:00:17 failed to sufficiently increase receive buffer size (was: 208 kiB, wanted: 7168 kiB, got: 416 kiB). See https://github.com/quic-go/quic-go/wiki/UDP-Buffer-Sizes for details.
2026-05-09T23:00:18Z INF Registered tunnel connection connIndex=0 connection=7f6fdadf-a6fa-484f-931a-dbaeff82d939 event=0 ip=198.41.200.73 location=icn01 protocol=quic
To https://github.com/ssurealitylab/ssurealitylab.github.io.git
 ! [rejected]        main -> main (fetch first)
error: failed to push some refs to 'https://github.com/ssurealitylab/ssurealitylab.github.io.git'
hint: Updates were rejected because the remote contains work that you do
hint: not have locally. This is usually caused by another repository pushing
hint: to the same ref. You may want to first integrate the remote changes
hint: (e.g., 'git pull ...') before pushing again.
hint: See the 'Note about fast-forwards' in 'git push --help' for details.
[2026-05-10 08:00:23] WARNING: Failed to push to GitHub
[2026-05-11 08:02:03] Killed old admin tunnel PID: 611315
[2026-05-11 08:02:06] Starting new admin tunnel...
[2026-05-11 08:02:06] Started cloudflared PID: 708723
[2026-05-11 08:02:12] Starting new admin tunnel...
[2026-05-11 08:02:12] Started cloudflared PID: 708786
[2026-05-11 08:02:16] Admin tunnel URL: https://draw-registration-boulder-buses.trycloudflare.com
[2026-05-11 08:02:16] Admin tunnel URL: https://draw-registration-boulder-buses.trycloudflare.com
[2026-05-11 08:02:19] WARN: Admin tunnel returned 000
[2026-05-11 08:02:19] Updating admin.html: https://giving-similarly-lyrics-corner.trycloudflare.com -> https://draw-registration-boulder-buses.trycloudflare.com
[2026-05-11 08:02:19] WARN: Admin tunnel returned 000
[2026-05-11 08:02:19] URL unchanged, skipping git push
2026-05-10T23:02:12Z INF Thank you for trying Cloudflare Tunnel. Doing so, without a Cloudflare account, is a quick way to experiment and try it out. However, be aware that these account-less Tunnels have no uptime guarantee, are subject to the Cloudflare Online Services Terms of Use (https://www.cloudflare.com/website-terms/), and Cloudflare reserves the right to investigate your use of Tunnels for violations of such terms. If you intend to use Tunnels in production you should use a pre-created named tunnel by following: https://developers.cloudflare.com/cloudflare-one/connections/connect-apps
2026-05-10T23:02:12Z INF Requesting new quick Tunnel on trycloudflare.com...
2026-05-10T23:02:15Z INF +--------------------------------------------------------------------------------------------+
2026-05-10T23:02:15Z INF |  Your quick Tunnel has been created! Visit it at (it may take some time to be reachable):  |
2026-05-10T23:02:15Z INF |  https://draw-registration-boulder-buses.trycloudflare.com                                 |
2026-05-10T23:02:15Z INF +--------------------------------------------------------------------------------------------+
2026-05-10T23:02:15Z INF Cannot determine default configuration path. No file [config.yml config.yaml] in [~/.cloudflared ~/.cloudflare-warp ~/cloudflare-warp /etc/cloudflared /usr/local/etc/cloudflared]
2026-05-10T23:02:15Z INF Version 2026.3.0 (Checksum 4a9e50e6d6d798e90fcd01933151a90bf7edd99a0a55c28ad18f2e16263a5c30)
2026-05-10T23:02:15Z INF GOOS: linux, GOVersion: go1.24.13, GoArch: amd64
2026-05-10T23:02:15Z INF Settings: map[ha-connections:1 protocol:quic url:http://localhost:4010]
2026-05-10T23:02:15Z INF Autoupdate frequency is set autoupdateFreq=86400000
2026-05-10T23:02:15Z INF Generated Connector ID: be3a6783-9106-4d4a-8690-e02a3379ec3f
2026-05-10T23:02:15Z INF Initial protocol quic
2026-05-10T23:02:15Z INF ICMP proxy will use 203.253.25.165 as source for IPv4
2026-05-10T23:02:15Z INF ICMP proxy will use fe80::3ae1:3c0d:ec12:c6ee in zone enp4s0 as source for IPv6
2026-05-10T23:02:15Z INF ICMP proxy will use 203.253.25.165 as source for IPv4
2026-05-10T23:02:15Z INF ICMP proxy will use fe80::3ae1:3c0d:ec12:c6ee in zone enp4s0 as source for IPv6
2026-05-10T23:02:15Z INF Starting metrics server on 127.0.0.1:20241/metrics
2026-05-10T23:02:15Z INF Tunnel connection curve preferences: [X25519MLKEM768 CurveP256] connIndex=0 event=0 ip=198.41.192.47
2026/05/11 08:02:15 failed to sufficiently increase receive buffer size (was: 208 kiB, wanted: 7168 kiB, got: 416 kiB). See https://github.com/quic-go/quic-go/wiki/UDP-Buffer-Sizes for details.
2026-05-10T23:02:15Z INF Registered tunnel connection connIndex=0 connection=522cdfb0-8536-4dac-bef0-5c211ffbdefb event=0 ip=198.41.192.47 location=icn06 protocol=quic
Version auto-updated to v1263
[main 0f13388] Auto-update admin tunnel URL
 2 files changed, 4 insertions(+), 4 deletions(-)
To https://github.com/ssurealitylab/ssurealitylab.github.io.git
   3fdab69..0f13388  main -> main
[2026-05-11 08:02:22] [safe_git_push] push succeeded on attempt 1
[2026-05-11 08:02:22] Successfully pushed admin URL to GitHub
[2026-05-12 08:00:18] Killed old admin tunnel PID: 708786
[2026-05-12 08:00:21] Starting new admin tunnel...
[2026-05-12 08:00:21] Started cloudflared PID: 1039392
[2026-05-12 08:00:27] Admin tunnel URL: https://shade-coal-weights-tells.trycloudflare.com
[2026-05-12 08:00:30] WARN: Admin tunnel returned 000
[2026-05-12 08:00:30] Updating admin.html: https://draw-registration-boulder-buses.trycloudflare.com -> https://shade-coal-weights-tells.trycloudflare.com
Version auto-updated to v1266
[main 1981dca] Auto-update admin tunnel URL
 2 files changed, 4 insertions(+), 4 deletions(-)
To https://github.com/ssurealitylab/ssurealitylab.github.io.git
   922dfce..1981dca  main -> main
[2026-05-12 08:00:32] [safe_git_push] push succeeded on attempt 1
[2026-05-12 08:00:32] Successfully pushed admin URL to GitHub
2026-05-11T23:00:21Z INF Thank you for trying Cloudflare Tunnel. Doing so, without a Cloudflare account, is a quick way to experiment and try it out. However, be aware that these account-less Tunnels have no uptime guarantee, are subject to the Cloudflare Online Services Terms of Use (https://www.cloudflare.com/website-terms/), and Cloudflare reserves the right to investigate your use of Tunnels for violations of such terms. If you intend to use Tunnels in production you should use a pre-created named tunnel by following: https://developers.cloudflare.com/cloudflare-one/connections/connect-apps
2026-05-11T23:00:21Z INF Requesting new quick Tunnel on trycloudflare.com...
2026-05-11T23:00:25Z INF +--------------------------------------------------------------------------------------------+
2026-05-11T23:00:25Z INF |  Your quick Tunnel has been created! Visit it at (it may take some time to be reachable):  |
2026-05-11T23:00:25Z INF |  https://shade-coal-weights-tells.trycloudflare.com                                        |
2026-05-11T23:00:25Z INF +--------------------------------------------------------------------------------------------+
2026-05-11T23:00:25Z INF Cannot determine default configuration path. No file [config.yml config.yaml] in [~/.cloudflared ~/.cloudflare-warp ~/cloudflare-warp /etc/cloudflared /usr/local/etc/cloudflared]
2026-05-11T23:00:25Z INF Version 2026.3.0 (Checksum 4a9e50e6d6d798e90fcd01933151a90bf7edd99a0a55c28ad18f2e16263a5c30)
2026-05-11T23:00:25Z INF GOOS: linux, GOVersion: go1.24.13, GoArch: amd64
2026-05-11T23:00:25Z INF Settings: map[ha-connections:1 protocol:quic url:http://localhost:4010]
2026-05-11T23:00:25Z INF Autoupdate frequency is set autoupdateFreq=86400000
2026-05-11T23:00:25Z INF Generated Connector ID: 8e05fc7e-c924-44a6-bf56-a963b0ccf558
2026-05-11T23:00:25Z INF Initial protocol quic
2026-05-11T23:00:25Z INF ICMP proxy will use 203.253.25.165 as source for IPv4
2026-05-11T23:00:25Z INF ICMP proxy will use fe80::3ae1:3c0d:ec12:c6ee in zone enp4s0 as source for IPv6
2026-05-11T23:00:25Z INF ICMP proxy will use 203.253.25.165 as source for IPv4
2026-05-11T23:00:25Z INF ICMP proxy will use fe80::3ae1:3c0d:ec12:c6ee in zone enp4s0 as source for IPv6
2026-05-11T23:00:25Z INF Starting metrics server on 127.0.0.1:20241/metrics
2026-05-11T23:00:25Z INF Tunnel connection curve preferences: [X25519MLKEM768 CurveP256] connIndex=0 event=0 ip=198.41.192.37
2026/05/12 08:00:25 failed to sufficiently increase receive buffer size (was: 208 kiB, wanted: 7168 kiB, got: 416 kiB). See https://github.com/quic-go/quic-go/wiki/UDP-Buffer-Sizes for details.
2026-05-11T23:00:25Z INF Registered tunnel connection connIndex=0 connection=b5198c33-35df-4897-95ec-14a9a919df52 event=0 ip=198.41.192.37 location=icn06 protocol=quic
[2026-05-13 08:00:17] Killed old admin tunnel PID: 1039392
[2026-05-13 08:00:20] Starting new admin tunnel...
[2026-05-13 08:00:20] Started cloudflared PID: 1103566
[2026-05-13 08:00:24] Admin tunnel URL: https://jvc-attract-instead-browsing.trycloudflare.com
[2026-05-13 08:00:27] WARN: Admin tunnel returned 000
[2026-05-13 08:00:27] Updating admin.html: https://shade-coal-weights-tells.trycloudflare.com -> https://jvc-attract-instead-browsing.trycloudflare.com
Version auto-updated to v1268
[main 9c1f94a] Auto-update admin tunnel URL
 2 files changed, 4 insertions(+), 4 deletions(-)
To https://github.com/ssurealitylab/ssurealitylab.github.io.git
   55de1f5..9c1f94a  main -> main
[2026-05-13 08:00:30] [safe_git_push] push succeeded on attempt 1
[2026-05-13 08:00:30] Successfully pushed admin URL to GitHub
2026-05-12T23:00:20Z INF Thank you for trying Cloudflare Tunnel. Doing so, without a Cloudflare account, is a quick way to experiment and try it out. However, be aware that these account-less Tunnels have no uptime guarantee, are subject to the Cloudflare Online Services Terms of Use (https://www.cloudflare.com/website-terms/), and Cloudflare reserves the right to investigate your use of Tunnels for violations of such terms. If you intend to use Tunnels in production you should use a pre-created named tunnel by following: https://developers.cloudflare.com/cloudflare-one/connections/connect-apps
2026-05-12T23:00:20Z INF Requesting new quick Tunnel on trycloudflare.com...
2026-05-12T23:00:24Z INF +--------------------------------------------------------------------------------------------+
2026-05-12T23:00:24Z INF |  Your quick Tunnel has been created! Visit it at (it may take some time to be reachable):  |
2026-05-12T23:00:24Z INF |  https://jvc-attract-instead-browsing.trycloudflare.com                                    |
2026-05-12T23:00:24Z INF +--------------------------------------------------------------------------------------------+
2026-05-12T23:00:24Z INF Cannot determine default configuration path. No file [config.yml config.yaml] in [~/.cloudflared ~/.cloudflare-warp ~/cloudflare-warp /etc/cloudflared /usr/local/etc/cloudflared]
2026-05-12T23:00:24Z INF Version 2026.3.0 (Checksum 4a9e50e6d6d798e90fcd01933151a90bf7edd99a0a55c28ad18f2e16263a5c30)
2026-05-12T23:00:24Z INF GOOS: linux, GOVersion: go1.24.13, GoArch: amd64
2026-05-12T23:00:24Z INF Settings: map[ha-connections:1 protocol:quic url:http://localhost:4010]
2026-05-12T23:00:24Z INF Autoupdate frequency is set autoupdateFreq=86400000
2026-05-12T23:00:24Z INF Generated Connector ID: dfa0f97e-7e51-499a-843f-f1cfda1e42f4
2026-05-12T23:00:24Z INF Initial protocol quic
2026-05-12T23:00:24Z INF ICMP proxy will use 203.253.25.165 as source for IPv4
2026-05-12T23:00:24Z INF ICMP proxy will use fe80::3ae1:3c0d:ec12:c6ee in zone enp4s0 as source for IPv6
2026-05-12T23:00:24Z INF ICMP proxy will use 203.253.25.165 as source for IPv4
2026-05-12T23:00:24Z INF ICMP proxy will use fe80::3ae1:3c0d:ec12:c6ee in zone enp4s0 as source for IPv6
2026-05-12T23:00:24Z INF Starting metrics server on 127.0.0.1:20241/metrics
2026-05-12T23:00:24Z INF Tunnel connection curve preferences: [X25519MLKEM768 CurveP256] connIndex=0 event=0 ip=198.41.200.53
2026/05/13 08:00:24 failed to sufficiently increase receive buffer size (was: 208 kiB, wanted: 7168 kiB, got: 416 kiB). See https://github.com/quic-go/quic-go/wiki/UDP-Buffer-Sizes for details.
2026-05-12T23:00:24Z ERR failed to run the datagram handler error="context canceled" connIndex=0 event=0 ip=198.41.200.53
2026-05-12T23:00:24Z ERR failed to serve tunnel connection error="control stream encountered a failure while serving" connIndex=0 event=0 ip=198.41.200.53
2026-05-12T23:00:24Z ERR Serve tunnel error error="control stream encountered a failure while serving" connIndex=0 event=0 ip=198.41.200.53
2026-05-12T23:00:24Z INF Retrying connection in up to 2s connIndex=0 event=0 ip=198.41.200.53
2026-05-12T23:00:25Z INF Tunnel connection curve preferences: [X25519MLKEM768 CurveP256] connIndex=0 event=0 ip=198.41.200.53
2026-05-12T23:00:25Z ERR failed to run the datagram handler error="context canceled" connIndex=0 event=0 ip=198.41.200.53
2026-05-12T23:00:25Z ERR failed to serve tunnel connection error="control stream encountered a failure while serving" connIndex=0 event=0 ip=198.41.200.53
2026-05-12T23:00:25Z ERR Serve tunnel error error="control stream encountered a failure while serving" connIndex=0 event=0 ip=198.41.200.53
2026-05-12T23:00:25Z INF Retrying connection in up to 4s connIndex=0 event=0 ip=198.41.200.53
2026-05-12T23:00:28Z INF Tunnel connection curve preferences: [X25519MLKEM768 CurveP256] connIndex=0 event=0 ip=198.41.200.53
2026-05-12T23:00:28Z ERR failed to run the datagram handler error="context canceled" connIndex=0 event=0 ip=198.41.200.53
2026-05-12T23:00:28Z ERR failed to serve tunnel connection error="control stream encountered a failure while serving" connIndex=0 event=0 ip=198.41.200.53
2026-05-12T23:00:28Z ERR Serve tunnel error error="control stream encountered a failure while serving" connIndex=0 event=0 ip=198.41.200.53
2026-05-12T23:00:28Z INF Retrying connection in up to 8s connIndex=0 event=0 ip=198.41.200.53
[2026-05-14 08:00:18] Killed old admin tunnel PID: 1103566
[2026-05-14 08:00:21] Starting new admin tunnel...
[2026-05-14 08:00:21] Started cloudflared PID: 1182908
[2026-05-14 08:00:31] Admin tunnel URL: https://exhaust-jersey-coffee-shares.trycloudflare.com
[2026-05-14 08:00:34] WARN: Admin tunnel returned 000
[2026-05-14 08:00:34] Updating admin.html: https://jvc-attract-instead-browsing.trycloudflare.com -> https://exhaust-jersey-coffee-shares.trycloudflare.com
Version auto-updated to v1270
[main 08eff82] Auto-update admin tunnel URL
 2 files changed, 4 insertions(+), 4 deletions(-)
To https://github.com/ssurealitylab/ssurealitylab.github.io.git
   433c6c6..08eff82  main -> main
[2026-05-14 08:00:37] [safe_git_push] push succeeded on attempt 1
[2026-05-14 08:00:37] Successfully pushed admin URL to GitHub
2026-05-13T23:00:21Z INF Thank you for trying Cloudflare Tunnel. Doing so, without a Cloudflare account, is a quick way to experiment and try it out. However, be aware that these account-less Tunnels have no uptime guarantee, are subject to the Cloudflare Online Services Terms of Use (https://www.cloudflare.com/website-terms/), and Cloudflare reserves the right to investigate your use of Tunnels for violations of such terms. If you intend to use Tunnels in production you should use a pre-created named tunnel by following: https://developers.cloudflare.com/cloudflare-one/connections/connect-apps
2026-05-13T23:00:21Z INF Requesting new quick Tunnel on trycloudflare.com...
2026-05-13T23:00:31Z INF +--------------------------------------------------------------------------------------------+
2026-05-13T23:00:31Z INF |  Your quick Tunnel has been created! Visit it at (it may take some time to be reachable):  |
2026-05-13T23:00:31Z INF |  https://exhaust-jersey-coffee-shares.trycloudflare.com                                    |
2026-05-13T23:00:31Z INF +--------------------------------------------------------------------------------------------+
2026-05-13T23:00:31Z INF Cannot determine default configuration path. No file [config.yml config.yaml] in [~/.cloudflared ~/.cloudflare-warp ~/cloudflare-warp /etc/cloudflared /usr/local/etc/cloudflared]
2026-05-13T23:00:31Z INF Version 2026.3.0 (Checksum 4a9e50e6d6d798e90fcd01933151a90bf7edd99a0a55c28ad18f2e16263a5c30)
2026-05-13T23:00:31Z INF GOOS: linux, GOVersion: go1.24.13, GoArch: amd64
2026-05-13T23:00:31Z INF Settings: map[ha-connections:1 protocol:quic url:http://localhost:4010]
2026-05-13T23:00:31Z INF Autoupdate frequency is set autoupdateFreq=86400000
2026-05-13T23:00:31Z INF Generated Connector ID: 2d6c49b6-231e-44b2-9817-358f53673ac8
2026-05-13T23:00:31Z INF Initial protocol quic
2026-05-13T23:00:31Z INF ICMP proxy will use 203.253.25.165 as source for IPv4
2026-05-13T23:00:31Z INF ICMP proxy will use fe80::3ae1:3c0d:ec12:c6ee in zone enp4s0 as source for IPv6
2026-05-13T23:00:31Z INF ICMP proxy will use 203.253.25.165 as source for IPv4
2026-05-13T23:00:31Z INF ICMP proxy will use fe80::3ae1:3c0d:ec12:c6ee in zone enp4s0 as source for IPv6
2026-05-13T23:00:31Z INF Starting metrics server on 127.0.0.1:20242/metrics
2026-05-13T23:00:31Z INF Tunnel connection curve preferences: [X25519MLKEM768 CurveP256] connIndex=0 event=0 ip=198.41.200.193
2026/05/14 08:00:31 failed to sufficiently increase receive buffer size (was: 208 kiB, wanted: 7168 kiB, got: 416 kiB). See https://github.com/quic-go/quic-go/wiki/UDP-Buffer-Sizes for details.
2026-05-13T23:00:31Z INF Registered tunnel connection connIndex=0 connection=e2c3b468-4a40-4cb2-94b6-48f99c327032 event=0 ip=198.41.200.193 location=icn05 protocol=quic
[2026-05-15 08:00:19] Killed old admin tunnel PID: 1182908
[2026-05-15 08:00:22] Starting new admin tunnel...
[2026-05-15 08:00:22] Started cloudflared PID: 1255655
[2026-05-15 08:00:28] Admin tunnel URL: https://commerce-flooring-polyphonic-alloy.trycloudflare.com
[2026-05-15 08:00:31] WARN: Admin tunnel returned 000
[2026-05-15 08:00:31] Updating admin.html: https://exhaust-jersey-coffee-shares.trycloudflare.com -> https://commerce-flooring-polyphonic-alloy.trycloudflare.com
Version auto-updated to v1271
[main 282aee5] Auto-update admin tunnel URL
 2 files changed, 5 insertions(+), 5 deletions(-)
To https://github.com/ssurealitylab/ssurealitylab.github.io.git
   08eff82..282aee5  main -> main
[2026-05-15 08:00:35] [safe_git_push] push succeeded on attempt 1
[2026-05-15 08:00:35] Successfully pushed admin URL to GitHub
2026-05-14T23:00:22Z INF Thank you for trying Cloudflare Tunnel. Doing so, without a Cloudflare account, is a quick way to experiment and try it out. However, be aware that these account-less Tunnels have no uptime guarantee, are subject to the Cloudflare Online Services Terms of Use (https://www.cloudflare.com/website-terms/), and Cloudflare reserves the right to investigate your use of Tunnels for violations of such terms. If you intend to use Tunnels in production you should use a pre-created named tunnel by following: https://developers.cloudflare.com/cloudflare-one/connections/connect-apps
2026-05-14T23:00:22Z INF Requesting new quick Tunnel on trycloudflare.com...
2026-05-14T23:00:27Z INF +--------------------------------------------------------------------------------------------+
2026-05-14T23:00:27Z INF |  Your quick Tunnel has been created! Visit it at (it may take some time to be reachable):  |
2026-05-14T23:00:27Z INF |  https://commerce-flooring-polyphonic-alloy.trycloudflare.com                              |
2026-05-14T23:00:27Z INF +--------------------------------------------------------------------------------------------+
2026-05-14T23:00:27Z INF Cannot determine default configuration path. No file [config.yml config.yaml] in [~/.cloudflared ~/.cloudflare-warp ~/cloudflare-warp /etc/cloudflared /usr/local/etc/cloudflared]
2026-05-14T23:00:27Z INF Version 2026.3.0 (Checksum 4a9e50e6d6d798e90fcd01933151a90bf7edd99a0a55c28ad18f2e16263a5c30)
2026-05-14T23:00:27Z INF GOOS: linux, GOVersion: go1.24.13, GoArch: amd64
2026-05-14T23:00:27Z INF Settings: map[ha-connections:1 protocol:quic url:http://localhost:4010]
2026-05-14T23:00:27Z INF Autoupdate frequency is set autoupdateFreq=86400000
2026-05-14T23:00:27Z INF Generated Connector ID: 937077a1-509e-4cd8-98fa-23c97436380c
2026-05-14T23:00:27Z INF Initial protocol quic
2026-05-14T23:00:27Z INF ICMP proxy will use 203.253.25.165 as source for IPv4
2026-05-14T23:00:27Z INF ICMP proxy will use fe80::3ae1:3c0d:ec12:c6ee in zone enp4s0 as source for IPv6
2026-05-14T23:00:27Z INF ICMP proxy will use 203.253.25.165 as source for IPv4
2026-05-14T23:00:27Z INF ICMP proxy will use fe80::3ae1:3c0d:ec12:c6ee in zone enp4s0 as source for IPv6
2026-05-14T23:00:27Z INF Starting metrics server on 127.0.0.1:20241/metrics
2026-05-14T23:00:27Z INF Tunnel connection curve preferences: [X25519MLKEM768 CurveP256] connIndex=0 event=0 ip=198.41.192.167
2026/05/15 08:00:27 failed to sufficiently increase receive buffer size (was: 208 kiB, wanted: 7168 kiB, got: 416 kiB). See https://github.com/quic-go/quic-go/wiki/UDP-Buffer-Sizes for details.
2026-05-14T23:00:27Z INF Registered tunnel connection connIndex=0 connection=0fda55c6-92ed-46f8-a10a-dcbe943fc2b5 event=0 ip=198.41.192.167 location=icn06 protocol=quic
[2026-05-16 08:00:04] Killed old admin tunnel PID: 1255655
[2026-05-16 08:00:07] Starting new admin tunnel...
[2026-05-16 08:00:07] Started cloudflared PID: 1307812
[2026-05-16 08:00:13] Admin tunnel URL: https://understand-five-pierre-summaries.trycloudflare.com
[2026-05-16 08:00:16] WARN: Admin tunnel returned 000
[2026-05-16 08:00:16] Updating admin.html: https://commerce-flooring-polyphonic-alloy.trycloudflare.com -> https://understand-five-pierre-summaries.trycloudflare.com
Version auto-updated to v1273
[main 94d7abd] Auto-update admin tunnel URL
 2 files changed, 5 insertions(+), 5 deletions(-)
To https://github.com/ssurealitylab/ssurealitylab.github.io.git
   4be5267..94d7abd  main -> main
[2026-05-16 08:00:21] [safe_git_push] push succeeded on attempt 1
[2026-05-16 08:00:21] Successfully pushed admin URL to GitHub
2026-05-15T23:00:07Z INF Thank you for trying Cloudflare Tunnel. Doing so, without a Cloudflare account, is a quick way to experiment and try it out. However, be aware that these account-less Tunnels have no uptime guarantee, are subject to the Cloudflare Online Services Terms of Use (https://www.cloudflare.com/website-terms/), and Cloudflare reserves the right to investigate your use of Tunnels for violations of such terms. If you intend to use Tunnels in production you should use a pre-created named tunnel by following: https://developers.cloudflare.com/cloudflare-one/connections/connect-apps
2026-05-15T23:00:07Z INF Requesting new quick Tunnel on trycloudflare.com...
2026-05-15T23:00:13Z INF +--------------------------------------------------------------------------------------------+
2026-05-15T23:00:13Z INF |  Your quick Tunnel has been created! Visit it at (it may take some time to be reachable):  |
2026-05-15T23:00:13Z INF |  https://understand-five-pierre-summaries.trycloudflare.com                                |
2026-05-15T23:00:13Z INF +--------------------------------------------------------------------------------------------+
2026-05-15T23:00:13Z INF Cannot determine default configuration path. No file [config.yml config.yaml] in [~/.cloudflared ~/.cloudflare-warp ~/cloudflare-warp /etc/cloudflared /usr/local/etc/cloudflared]
2026-05-15T23:00:13Z INF Version 2026.3.0 (Checksum 4a9e50e6d6d798e90fcd01933151a90bf7edd99a0a55c28ad18f2e16263a5c30)
2026-05-15T23:00:13Z INF GOOS: linux, GOVersion: go1.24.13, GoArch: amd64
2026-05-15T23:00:13Z INF Settings: map[ha-connections:1 protocol:quic url:http://localhost:4010]
2026-05-15T23:00:13Z INF Autoupdate frequency is set autoupdateFreq=86400000
2026-05-15T23:00:13Z INF Generated Connector ID: 531dbedd-13f7-4e99-a632-f6246d6d9518
2026-05-15T23:00:13Z INF Initial protocol quic
2026-05-15T23:00:13Z INF ICMP proxy will use 203.253.25.165 as source for IPv4
2026-05-15T23:00:13Z INF ICMP proxy will use fe80::3ae1:3c0d:ec12:c6ee in zone enp4s0 as source for IPv6
2026-05-15T23:00:13Z INF ICMP proxy will use 203.253.25.165 as source for IPv4
2026-05-15T23:00:13Z INF ICMP proxy will use fe80::3ae1:3c0d:ec12:c6ee in zone enp4s0 as source for IPv6
2026-05-15T23:00:13Z INF Starting metrics server on 127.0.0.1:20241/metrics
2026-05-15T23:00:13Z INF Tunnel connection curve preferences: [X25519MLKEM768 CurveP256] connIndex=0 event=0 ip=198.41.192.27
2026/05/16 08:00:13 failed to sufficiently increase receive buffer size (was: 208 kiB, wanted: 7168 kiB, got: 416 kiB). See https://github.com/quic-go/quic-go/wiki/UDP-Buffer-Sizes for details.
2026-05-15T23:00:13Z INF Registered tunnel connection connIndex=0 connection=0d71e159-c13e-4936-ab9c-d0c68409380b event=0 ip=198.41.192.27 location=icn06 protocol=quic
[2026-05-17 08:00:16] Killed old admin tunnel PID: 1307812
[2026-05-17 08:00:19] Starting new admin tunnel...
[2026-05-17 08:00:19] Started cloudflared PID: 1380234
[2026-05-17 08:00:23] Admin tunnel URL: https://conf-maple-brain-loc.trycloudflare.com
[2026-05-17 08:00:26] WARN: Admin tunnel returned 000
[2026-05-17 08:00:26] Updating admin.html: https://understand-five-pierre-summaries.trycloudflare.com -> https://conf-maple-brain-loc.trycloudflare.com
Version auto-updated to v1276
[main 9518810] Auto-update admin tunnel URL
 2 files changed, 4 insertions(+), 4 deletions(-)
To https://github.com/ssurealitylab/ssurealitylab.github.io.git
 ! [remote rejected] main -> main (cannot lock ref 'refs/heads/main': is at 186da40c5341476e92a3e7ba1adbc843d2278e29 but expected 57dd6c62d3ef3cacec3b37fa454e02e0f2386e54)
error: failed to push some refs to 'https://github.com/ssurealitylab/ssurealitylab.github.io.git'
[2026-05-17 08:00:32] [safe_git_push] push attempt 1 failed, attempting pull --rebase
error: cannot pull with rebase: You have unstaged changes.
error: please commit or stash them.
[2026-05-17 08:00:33] [safe_git_push] pull --rebase failed (likely conflict). Aborting and giving up.
fatal: No rebase in progress?
[2026-05-17 08:00:33] WARNING: Failed to push to GitHub after retries
2026-05-16T23:00:19Z INF Thank you for trying Cloudflare Tunnel. Doing so, without a Cloudflare account, is a quick way to experiment and try it out. However, be aware that these account-less Tunnels have no uptime guarantee, are subject to the Cloudflare Online Services Terms of Use (https://www.cloudflare.com/website-terms/), and Cloudflare reserves the right to investigate your use of Tunnels for violations of such terms. If you intend to use Tunnels in production you should use a pre-created named tunnel by following: https://developers.cloudflare.com/cloudflare-one/connections/connect-apps
2026-05-16T23:00:19Z INF Requesting new quick Tunnel on trycloudflare.com...
2026-05-16T23:00:23Z INF +--------------------------------------------------------------------------------------------+
2026-05-16T23:00:23Z INF |  Your quick Tunnel has been created! Visit it at (it may take some time to be reachable):  |
2026-05-16T23:00:23Z INF |  https://conf-maple-brain-loc.trycloudflare.com                                            |
2026-05-16T23:00:23Z INF +--------------------------------------------------------------------------------------------+
2026-05-16T23:00:23Z INF Cannot determine default configuration path. No file [config.yml config.yaml] in [~/.cloudflared ~/.cloudflare-warp ~/cloudflare-warp /etc/cloudflared /usr/local/etc/cloudflared]
2026-05-16T23:00:23Z INF Version 2026.3.0 (Checksum 4a9e50e6d6d798e90fcd01933151a90bf7edd99a0a55c28ad18f2e16263a5c30)
2026-05-16T23:00:23Z INF GOOS: linux, GOVersion: go1.24.13, GoArch: amd64
2026-05-16T23:00:23Z INF Settings: map[ha-connections:1 protocol:quic url:http://localhost:4010]
2026-05-16T23:00:23Z INF Generated Connector ID: bd313dfd-8996-45ee-bf61-eff0f7587d44
2026-05-16T23:00:23Z INF Autoupdate frequency is set autoupdateFreq=86400000
2026-05-16T23:00:23Z INF Initial protocol quic
2026-05-16T23:00:23Z INF ICMP proxy will use 203.253.25.165 as source for IPv4
2026-05-16T23:00:23Z INF ICMP proxy will use fe80::3ae1:3c0d:ec12:c6ee in zone enp4s0 as source for IPv6
2026-05-16T23:00:23Z INF ICMP proxy will use 203.253.25.165 as source for IPv4
2026-05-16T23:00:23Z INF ICMP proxy will use fe80::3ae1:3c0d:ec12:c6ee in zone enp4s0 as source for IPv6
2026-05-16T23:00:23Z INF Starting metrics server on 127.0.0.1:20241/metrics
2026-05-16T23:00:23Z INF Tunnel connection curve preferences: [X25519MLKEM768 CurveP256] connIndex=0 event=0 ip=198.41.192.77
2026/05/17 08:00:23 failed to sufficiently increase receive buffer size (was: 208 kiB, wanted: 7168 kiB, got: 416 kiB). See https://github.com/quic-go/quic-go/wiki/UDP-Buffer-Sizes for details.
2026-05-16T23:00:23Z INF Registered tunnel connection connIndex=0 connection=4625585c-273b-4a8a-8bed-5060d8ecc489 event=0 ip=198.41.192.77 location=icn06 protocol=quic
[2026-05-18 08:00:14] Killed old admin tunnel PID: 1380234
[2026-05-18 08:00:17] Starting new admin tunnel...
[2026-05-18 08:00:17] Started cloudflared PID: 1450634
[2026-05-18 08:00:23] Admin tunnel URL: https://possibly-easy-partner-tyler.trycloudflare.com
[2026-05-18 08:00:26] WARN: Admin tunnel returned 000
[2026-05-18 08:00:26] Updating admin.html: https://conf-maple-brain-loc.trycloudflare.com -> https://possibly-easy-partner-tyler.trycloudflare.com
Version auto-updated to v1278
[main 31770b3] Auto-update admin tunnel URL
 2 files changed, 4 insertions(+), 4 deletions(-)
To https://github.com/ssurealitylab/ssurealitylab.github.io.git
   bf95fb4..31770b3  main -> main
[2026-05-18 08:00:29] [safe_git_push] push succeeded on attempt 1
[2026-05-18 08:00:29] Successfully pushed admin URL to GitHub
2026-05-17T23:00:17Z INF Thank you for trying Cloudflare Tunnel. Doing so, without a Cloudflare account, is a quick way to experiment and try it out. However, be aware that these account-less Tunnels have no uptime guarantee, are subject to the Cloudflare Online Services Terms of Use (https://www.cloudflare.com/website-terms/), and Cloudflare reserves the right to investigate your use of Tunnels for violations of such terms. If you intend to use Tunnels in production you should use a pre-created named tunnel by following: https://developers.cloudflare.com/cloudflare-one/connections/connect-apps
2026-05-17T23:00:17Z INF Requesting new quick Tunnel on trycloudflare.com...
2026-05-17T23:00:21Z INF +--------------------------------------------------------------------------------------------+
2026-05-17T23:00:21Z INF |  Your quick Tunnel has been created! Visit it at (it may take some time to be reachable):  |
2026-05-17T23:00:21Z INF |  https://possibly-easy-partner-tyler.trycloudflare.com                                     |
2026-05-17T23:00:21Z INF +--------------------------------------------------------------------------------------------+
2026-05-17T23:00:21Z INF Cannot determine default configuration path. No file [config.yml config.yaml] in [~/.cloudflared ~/.cloudflare-warp ~/cloudflare-warp /etc/cloudflared /usr/local/etc/cloudflared]
2026-05-17T23:00:21Z INF Version 2026.3.0 (Checksum 4a9e50e6d6d798e90fcd01933151a90bf7edd99a0a55c28ad18f2e16263a5c30)
2026-05-17T23:00:21Z INF GOOS: linux, GOVersion: go1.24.13, GoArch: amd64
2026-05-17T23:00:21Z INF Settings: map[ha-connections:1 protocol:quic url:http://localhost:4010]
2026-05-17T23:00:21Z INF Autoupdate frequency is set autoupdateFreq=86400000
2026-05-17T23:00:21Z INF Generated Connector ID: 7bcfaa1b-3f74-491e-b112-d73bed6b24c2
2026-05-17T23:00:21Z INF Initial protocol quic
2026-05-17T23:00:21Z INF ICMP proxy will use 203.253.25.165 as source for IPv4
2026-05-17T23:00:21Z INF ICMP proxy will use fe80::3ae1:3c0d:ec12:c6ee in zone enp4s0 as source for IPv6
2026-05-17T23:00:21Z INF ICMP proxy will use 203.253.25.165 as source for IPv4
2026-05-17T23:00:21Z INF ICMP proxy will use fe80::3ae1:3c0d:ec12:c6ee in zone enp4s0 as source for IPv6
2026-05-17T23:00:21Z INF Starting metrics server on 127.0.0.1:20241/metrics
2026-05-17T23:00:21Z INF Tunnel connection curve preferences: [X25519MLKEM768 CurveP256] connIndex=0 event=0 ip=198.41.192.167
2026/05/18 08:00:21 failed to sufficiently increase receive buffer size (was: 208 kiB, wanted: 7168 kiB, got: 416 kiB). See https://github.com/quic-go/quic-go/wiki/UDP-Buffer-Sizes for details.
2026-05-17T23:00:21Z INF Registered tunnel connection connIndex=0 connection=2f09319d-f7df-4ce3-9119-e9605aff3a99 event=0 ip=198.41.192.167 location=icn06 protocol=quic
[2026-05-19 08:00:16] Killed old admin tunnel PID: 1450634
[2026-05-19 08:00:19] Starting new admin tunnel...
[2026-05-19 08:00:19] Started cloudflared PID: 1568265
[2026-05-19 08:00:23] Admin tunnel URL: https://cottage-wells-bond-baths.trycloudflare.com
[2026-05-19 08:00:26] WARN: Admin tunnel returned 000
[2026-05-19 08:00:26] Updating admin.html: https://possibly-easy-partner-tyler.trycloudflare.com -> https://cottage-wells-bond-baths.trycloudflare.com
Version auto-updated to v1279
[main 94780dd] Auto-update admin tunnel URL
 2 files changed, 5 insertions(+), 5 deletions(-)
To https://github.com/ssurealitylab/ssurealitylab.github.io.git
   31770b3..94780dd  main -> main
[2026-05-19 08:00:30] [safe_git_push] push succeeded on attempt 1
[2026-05-19 08:00:30] Successfully pushed admin URL to GitHub
2026-05-18T23:00:20Z INF Thank you for trying Cloudflare Tunnel. Doing so, without a Cloudflare account, is a quick way to experiment and try it out. However, be aware that these account-less Tunnels have no uptime guarantee, are subject to the Cloudflare Online Services Terms of Use (https://www.cloudflare.com/website-terms/), and Cloudflare reserves the right to investigate your use of Tunnels for violations of such terms. If you intend to use Tunnels in production you should use a pre-created named tunnel by following: https://developers.cloudflare.com/cloudflare-one/connections/connect-apps
2026-05-18T23:00:20Z INF Requesting new quick Tunnel on trycloudflare.com...
2026-05-18T23:00:22Z INF +--------------------------------------------------------------------------------------------+
2026-05-18T23:00:22Z INF |  Your quick Tunnel has been created! Visit it at (it may take some time to be reachable):  |
2026-05-18T23:00:22Z INF |  https://cottage-wells-bond-baths.trycloudflare.com                                        |
2026-05-18T23:00:22Z INF +--------------------------------------------------------------------------------------------+
2026-05-18T23:00:22Z INF Cannot determine default configuration path. No file [config.yml config.yaml] in [~/.cloudflared ~/.cloudflare-warp ~/cloudflare-warp /etc/cloudflared /usr/local/etc/cloudflared]
2026-05-18T23:00:22Z INF Version 2026.3.0 (Checksum 4a9e50e6d6d798e90fcd01933151a90bf7edd99a0a55c28ad18f2e16263a5c30)
2026-05-18T23:00:22Z INF GOOS: linux, GOVersion: go1.24.13, GoArch: amd64
2026-05-18T23:00:22Z INF Settings: map[ha-connections:1 protocol:quic url:http://localhost:4010]
2026-05-18T23:00:22Z INF Autoupdate frequency is set autoupdateFreq=86400000
2026-05-18T23:00:22Z INF Generated Connector ID: 3e1bd7f0-0015-417f-99e4-0812415c5c83
2026-05-18T23:00:22Z INF Initial protocol quic
2026-05-18T23:00:22Z INF ICMP proxy will use 203.253.25.165 as source for IPv4
2026-05-18T23:00:22Z INF ICMP proxy will use fe80::3ae1:3c0d:ec12:c6ee in zone enp4s0 as source for IPv6
2026-05-18T23:00:22Z INF ICMP proxy will use 203.253.25.165 as source for IPv4
2026-05-18T23:00:22Z INF ICMP proxy will use fe80::3ae1:3c0d:ec12:c6ee in zone enp4s0 as source for IPv6
2026-05-18T23:00:22Z INF Starting metrics server on 127.0.0.1:20241/metrics
2026-05-18T23:00:22Z INF Tunnel connection curve preferences: [X25519MLKEM768 CurveP256] connIndex=0 event=0 ip=198.41.200.193
2026/05/19 08:00:22 failed to sufficiently increase receive buffer size (was: 208 kiB, wanted: 7168 kiB, got: 416 kiB). See https://github.com/quic-go/quic-go/wiki/UDP-Buffer-Sizes for details.
2026-05-18T23:00:22Z INF Registered tunnel connection connIndex=0 connection=c09b4caa-7318-4aa2-bfdb-528c895ac26f event=0 ip=198.41.200.193 location=icn01 protocol=quic
[2026-05-20 08:00:15] Killed old admin tunnel PID: 1568265
[2026-05-20 08:00:18] Starting new admin tunnel...
[2026-05-20 08:00:18] Started cloudflared PID: 1972045
[2026-05-20 08:00:24] Admin tunnel URL: https://booth-officer-pottery-movers.trycloudflare.com
[2026-05-20 08:00:27] WARN: Admin tunnel returned 000
[2026-05-20 08:00:27] Updating admin.html: https://cottage-wells-bond-baths.trycloudflare.com -> https://booth-officer-pottery-movers.trycloudflare.com
Version auto-updated to v1304
[main 5a59d0c] Auto-update admin tunnel URL
 2 files changed, 4 insertions(+), 4 deletions(-)
To https://github.com/ssurealitylab/ssurealitylab.github.io.git
   1960609..5a59d0c  main -> main
[2026-05-20 08:00:30] [safe_git_push] push succeeded on attempt 1
[2026-05-20 08:00:30] Successfully pushed admin URL to GitHub
2026-05-19T23:00:19Z INF Thank you for trying Cloudflare Tunnel. Doing so, without a Cloudflare account, is a quick way to experiment and try it out. However, be aware that these account-less Tunnels have no uptime guarantee, are subject to the Cloudflare Online Services Terms of Use (https://www.cloudflare.com/website-terms/), and Cloudflare reserves the right to investigate your use of Tunnels for violations of such terms. If you intend to use Tunnels in production you should use a pre-created named tunnel by following: https://developers.cloudflare.com/cloudflare-one/connections/connect-apps
2026-05-19T23:00:19Z INF Requesting new quick Tunnel on trycloudflare.com...
2026-05-19T23:00:23Z INF +--------------------------------------------------------------------------------------------+
2026-05-19T23:00:23Z INF |  Your quick Tunnel has been created! Visit it at (it may take some time to be reachable):  |
2026-05-19T23:00:23Z INF |  https://booth-officer-pottery-movers.trycloudflare.com                                    |
2026-05-19T23:00:23Z INF +--------------------------------------------------------------------------------------------+
2026-05-19T23:00:23Z INF Cannot determine default configuration path. No file [config.yml config.yaml] in [~/.cloudflared ~/.cloudflare-warp ~/cloudflare-warp /etc/cloudflared /usr/local/etc/cloudflared]
2026-05-19T23:00:23Z INF Version 2026.3.0 (Checksum 4a9e50e6d6d798e90fcd01933151a90bf7edd99a0a55c28ad18f2e16263a5c30)
2026-05-19T23:00:23Z INF GOOS: linux, GOVersion: go1.24.13, GoArch: amd64
2026-05-19T23:00:23Z INF Settings: map[ha-connections:1 protocol:quic url:http://localhost:4010]
2026-05-19T23:00:23Z INF Autoupdate frequency is set autoupdateFreq=86400000
2026-05-19T23:00:23Z INF Generated Connector ID: aafa94ef-cecf-4559-aae5-eac0e4d2445d
2026-05-19T23:00:23Z INF Initial protocol quic
2026-05-19T23:00:23Z INF ICMP proxy will use 203.253.25.165 as source for IPv4
2026-05-19T23:00:23Z INF ICMP proxy will use fe80::3ae1:3c0d:ec12:c6ee in zone enp4s0 as source for IPv6
2026-05-19T23:00:23Z INF ICMP proxy will use 203.253.25.165 as source for IPv4
2026-05-19T23:00:23Z INF ICMP proxy will use fe80::3ae1:3c0d:ec12:c6ee in zone enp4s0 as source for IPv6
2026-05-19T23:00:23Z INF Starting metrics server on 127.0.0.1:20241/metrics
2026-05-19T23:00:23Z INF Tunnel connection curve preferences: [X25519MLKEM768 CurveP256] connIndex=0 event=0 ip=198.41.200.193
2026/05/20 08:00:23 failed to sufficiently increase receive buffer size (was: 208 kiB, wanted: 7168 kiB, got: 416 kiB). See https://github.com/quic-go/quic-go/wiki/UDP-Buffer-Sizes for details.
2026-05-19T23:00:23Z INF Registered tunnel connection connIndex=0 connection=3ed9dded-271c-4969-84ae-05d1eeb367e6 event=0 ip=198.41.200.193 location=icn01 protocol=quic
[2026-05-20 18:02:16] Starting new admin tunnel...
[2026-05-20 18:02:16] Started cloudflared PID: 3260
[2026-05-20 18:02:20] Admin tunnel URL: https://involving-wars-among-nature.trycloudflare.com
[2026-05-20 18:02:23] WARN: Admin tunnel returned 000
[2026-05-20 18:02:23] Updating admin.html: https://booth-officer-pottery-movers.trycloudflare.com -> https://involving-wars-among-nature.trycloudflare.com
Version auto-updated to v1305
[main 31f8d64] Auto-update admin tunnel URL
 2 files changed, 4 insertions(+), 4 deletions(-)
To https://github.com/ssurealitylab/ssurealitylab.github.io.git
   5a59d0c..31f8d64  main -> main
[2026-05-20 18:02:27] [safe_git_push] push succeeded on attempt 1
[2026-05-20 18:02:27] Successfully pushed admin URL to GitHub
2026-05-20T09:02:16Z INF Thank you for trying Cloudflare Tunnel. Doing so, without a Cloudflare account, is a quick way to experiment and try it out. However, be aware that these account-less Tunnels have no uptime guarantee, are subject to the Cloudflare Online Services Terms of Use (https://www.cloudflare.com/website-terms/), and Cloudflare reserves the right to investigate your use of Tunnels for violations of such terms. If you intend to use Tunnels in production you should use a pre-created named tunnel by following: https://developers.cloudflare.com/cloudflare-one/connections/connect-apps
2026-05-20T09:02:16Z INF Requesting new quick Tunnel on trycloudflare.com...
2026-05-20T09:02:20Z INF +--------------------------------------------------------------------------------------------+
2026-05-20T09:02:20Z INF |  Your quick Tunnel has been created! Visit it at (it may take some time to be reachable):  |
2026-05-20T09:02:20Z INF |  https://involving-wars-among-nature.trycloudflare.com                                     |
2026-05-20T09:02:20Z INF +--------------------------------------------------------------------------------------------+
2026-05-20T09:02:20Z INF Cannot determine default configuration path. No file [config.yml config.yaml] in [~/.cloudflared ~/.cloudflare-warp ~/cloudflare-warp /etc/cloudflared /usr/local/etc/cloudflared]
2026-05-20T09:02:20Z INF Version 2026.3.0 (Checksum 4a9e50e6d6d798e90fcd01933151a90bf7edd99a0a55c28ad18f2e16263a5c30)
2026-05-20T09:02:20Z INF GOOS: linux, GOVersion: go1.24.13, GoArch: amd64
2026-05-20T09:02:20Z INF Settings: map[ha-connections:1 protocol:quic url:http://localhost:4010]
2026-05-20T09:02:20Z INF Autoupdate frequency is set autoupdateFreq=86400000
2026-05-20T09:02:20Z INF Generated Connector ID: a4db1f9f-6c84-43d2-85fb-dd301482d333
2026-05-20T09:02:20Z INF Initial protocol quic
2026-05-20T09:02:20Z INF ICMP proxy will use 203.253.25.165 as source for IPv4
2026-05-20T09:02:20Z INF ICMP proxy will use fe80::3ae1:3c0d:ec12:c6ee in zone enp4s0 as source for IPv6
2026-05-20T09:02:20Z INF ICMP proxy will use 203.253.25.165 as source for IPv4
2026-05-20T09:02:20Z INF ICMP proxy will use fe80::3ae1:3c0d:ec12:c6ee in zone enp4s0 as source for IPv6
2026-05-20T09:02:20Z INF Starting metrics server on 127.0.0.1:20241/metrics
2026-05-20T09:02:20Z INF Tunnel connection curve preferences: [X25519MLKEM768 CurveP256] connIndex=0 event=0 ip=198.41.200.63
2026/05/20 18:02:20 failed to sufficiently increase receive buffer size (was: 208 kiB, wanted: 7168 kiB, got: 416 kiB). See https://github.com/quic-go/quic-go/wiki/UDP-Buffer-Sizes for details.
2026-05-20T09:02:20Z INF Registered tunnel connection connIndex=0 connection=a70746a9-a4d1-4537-a603-ffa820828f3d event=0 ip=198.41.200.63 location=icn01 protocol=quic
[2026-05-21 08:00:18] Killed old admin tunnel PID: 3260
[2026-05-21 08:00:21] Starting new admin tunnel...
[2026-05-21 08:00:21] Started cloudflared PID: 23458
[2026-05-21 08:00:27] Admin tunnel URL: https://portraits-antibodies-fruits-library.trycloudflare.com
[2026-05-21 08:00:30] WARN: Admin tunnel returned 000
[2026-05-21 08:00:30] Updating admin.html: https://involving-wars-among-nature.trycloudflare.com -> https://portraits-antibodies-fruits-library.trycloudflare.com
Version auto-updated to v1307
[main 2f84e15] Auto-update admin tunnel URL
 2 files changed, 5 insertions(+), 5 deletions(-)
To https://github.com/ssurealitylab/ssurealitylab.github.io.git
   e102cee..2f84e15  main -> main
[2026-05-21 08:00:33] [safe_git_push] push succeeded on attempt 1
[2026-05-21 08:00:33] Successfully pushed admin URL to GitHub
2026-05-20T23:00:21Z INF Thank you for trying Cloudflare Tunnel. Doing so, without a Cloudflare account, is a quick way to experiment and try it out. However, be aware that these account-less Tunnels have no uptime guarantee, are subject to the Cloudflare Online Services Terms of Use (https://www.cloudflare.com/website-terms/), and Cloudflare reserves the right to investigate your use of Tunnels for violations of such terms. If you intend to use Tunnels in production you should use a pre-created named tunnel by following: https://developers.cloudflare.com/cloudflare-one/connections/connect-apps
2026-05-20T23:00:21Z INF Requesting new quick Tunnel on trycloudflare.com...
2026-05-20T23:00:26Z INF +--------------------------------------------------------------------------------------------+
2026-05-20T23:00:26Z INF |  Your quick Tunnel has been created! Visit it at (it may take some time to be reachable):  |
2026-05-20T23:00:26Z INF |  https://portraits-antibodies-fruits-library.trycloudflare.com                             |
2026-05-20T23:00:26Z INF +--------------------------------------------------------------------------------------------+
2026-05-20T23:00:26Z INF Cannot determine default configuration path. No file [config.yml config.yaml] in [~/.cloudflared ~/.cloudflare-warp ~/cloudflare-warp /etc/cloudflared /usr/local/etc/cloudflared]
2026-05-20T23:00:26Z INF Version 2026.3.0 (Checksum 4a9e50e6d6d798e90fcd01933151a90bf7edd99a0a55c28ad18f2e16263a5c30)
2026-05-20T23:00:26Z INF GOOS: linux, GOVersion: go1.24.13, GoArch: amd64
2026-05-20T23:00:26Z INF Settings: map[ha-connections:1 protocol:quic url:http://localhost:4010]
2026-05-20T23:00:26Z INF Autoupdate frequency is set autoupdateFreq=86400000
2026-05-20T23:00:26Z INF Generated Connector ID: 62e3ada6-44da-4da4-9572-2b1f82d86c52
2026-05-20T23:00:26Z INF Initial protocol quic
2026-05-20T23:00:26Z INF ICMP proxy will use 203.253.25.165 as source for IPv4
2026-05-20T23:00:26Z INF ICMP proxy will use fe80::3ae1:3c0d:ec12:c6ee in zone enp4s0 as source for IPv6
2026-05-20T23:00:26Z INF ICMP proxy will use 203.253.25.165 as source for IPv4
2026-05-20T23:00:26Z INF ICMP proxy will use fe80::3ae1:3c0d:ec12:c6ee in zone enp4s0 as source for IPv6
2026-05-20T23:00:26Z INF Starting metrics server on 127.0.0.1:20241/metrics
2026-05-20T23:00:26Z INF Tunnel connection curve preferences: [X25519MLKEM768 CurveP256] connIndex=0 event=0 ip=198.41.192.77
2026/05/21 08:00:26 failed to sufficiently increase receive buffer size (was: 208 kiB, wanted: 7168 kiB, got: 416 kiB). See https://github.com/quic-go/quic-go/wiki/UDP-Buffer-Sizes for details.
2026-05-20T23:00:26Z INF Registered tunnel connection connIndex=0 connection=f2cb8b50-1815-41ed-906a-6f560e994b41 event=0 ip=198.41.192.77 location=icn06 protocol=quic
[2026-05-22 08:00:16] Killed old admin tunnel PID: 23458
[2026-05-22 08:00:19] Starting new admin tunnel...
[2026-05-22 08:00:19] Started cloudflared PID: 70902
[2026-05-22 08:00:25] Admin tunnel URL: https://lynn-mardi-acquire-spelling.trycloudflare.com
[2026-05-22 08:00:28] WARN: Admin tunnel returned 000
[2026-05-22 08:00:28] Updating admin.html: https://portraits-antibodies-fruits-library.trycloudflare.com -> https://lynn-mardi-acquire-spelling.trycloudflare.com
Version auto-updated to v1310
[main 3b27d24] Auto-update admin tunnel URL
 2 files changed, 4 insertions(+), 4 deletions(-)
To https://github.com/ssurealitylab/ssurealitylab.github.io.git
   81ca0d4..3b27d24  main -> main
[2026-05-22 08:00:31] [safe_git_push] push succeeded on attempt 1
[2026-05-22 08:00:31] Successfully pushed admin URL to GitHub
2026-05-21T23:00:19Z INF Thank you for trying Cloudflare Tunnel. Doing so, without a Cloudflare account, is a quick way to experiment and try it out. However, be aware that these account-less Tunnels have no uptime guarantee, are subject to the Cloudflare Online Services Terms of Use (https://www.cloudflare.com/website-terms/), and Cloudflare reserves the right to investigate your use of Tunnels for violations of such terms. If you intend to use Tunnels in production you should use a pre-created named tunnel by following: https://developers.cloudflare.com/cloudflare-one/connections/connect-apps
2026-05-21T23:00:19Z INF Requesting new quick Tunnel on trycloudflare.com...
2026-05-21T23:00:24Z INF +--------------------------------------------------------------------------------------------+
2026-05-21T23:00:24Z INF |  Your quick Tunnel has been created! Visit it at (it may take some time to be reachable):  |
2026-05-21T23:00:24Z INF |  https://lynn-mardi-acquire-spelling.trycloudflare.com                                     |
2026-05-21T23:00:24Z INF +--------------------------------------------------------------------------------------------+
2026-05-21T23:00:24Z INF Cannot determine default configuration path. No file [config.yml config.yaml] in [~/.cloudflared ~/.cloudflare-warp ~/cloudflare-warp /etc/cloudflared /usr/local/etc/cloudflared]
2026-05-21T23:00:24Z INF Version 2026.3.0 (Checksum 4a9e50e6d6d798e90fcd01933151a90bf7edd99a0a55c28ad18f2e16263a5c30)
2026-05-21T23:00:24Z INF GOOS: linux, GOVersion: go1.24.13, GoArch: amd64
2026-05-21T23:00:24Z INF Settings: map[ha-connections:1 protocol:quic url:http://localhost:4010]
2026-05-21T23:00:24Z INF Generated Connector ID: a4376d09-b81d-4915-8f6c-a15a0abb7293
2026-05-21T23:00:24Z INF Initial protocol quic
2026-05-21T23:00:24Z INF ICMP proxy will use 203.253.25.165 as source for IPv4
2026-05-21T23:00:24Z INF ICMP proxy will use fe80::3ae1:3c0d:ec12:c6ee in zone enp4s0 as source for IPv6
2026-05-21T23:00:24Z INF Autoupdate frequency is set autoupdateFreq=86400000
2026-05-21T23:00:24Z INF ICMP proxy will use 203.253.25.165 as source for IPv4
2026-05-21T23:00:24Z INF ICMP proxy will use fe80::3ae1:3c0d:ec12:c6ee in zone enp4s0 as source for IPv6
2026-05-21T23:00:24Z INF Starting metrics server on 127.0.0.1:20241/metrics
2026-05-21T23:00:24Z INF Tunnel connection curve preferences: [X25519MLKEM768 CurveP256] connIndex=0 event=0 ip=198.41.192.27
2026/05/22 08:00:24 failed to sufficiently increase receive buffer size (was: 208 kiB, wanted: 7168 kiB, got: 416 kiB). See https://github.com/quic-go/quic-go/wiki/UDP-Buffer-Sizes for details.
2026-05-21T23:00:24Z INF Registered tunnel connection connIndex=0 connection=0ff9edf3-1ee0-4dfe-9b15-2a84b47e4ca9 event=0 ip=198.41.192.27 location=icn06 protocol=quic
[2026-05-23 08:00:25] Killed old admin tunnel PID: 70902
[2026-05-23 08:00:29] Starting new admin tunnel...
[2026-05-23 08:00:29] Started cloudflared PID: 107351
[2026-05-23 08:01:07] Admin tunnel URL: https://disks-met-cow-generates.trycloudflare.com
[2026-05-23 08:01:18] Updating admin.html: https://lynn-mardi-acquire-spelling.trycloudflare.com -> https://disks-met-cow-generates.trycloudflare.com
Version auto-updated to v1311
[main b4da4b5] Auto-update admin tunnel URL
 2 files changed, 5 insertions(+), 5 deletions(-)
To https://github.com/ssurealitylab/ssurealitylab.github.io.git
   3b27d24..b4da4b5  main -> main
[2026-05-23 08:01:46] [safe_git_push] push succeeded on attempt 1
[2026-05-23 08:01:46] Successfully pushed admin URL to GitHub
2026-05-22T23:01:02Z INF Thank you for trying Cloudflare Tunnel. Doing so, without a Cloudflare account, is a quick way to experiment and try it out. However, be aware that these account-less Tunnels have no uptime guarantee, are subject to the Cloudflare Online Services Terms of Use (https://www.cloudflare.com/website-terms/), and Cloudflare reserves the right to investigate your use of Tunnels for violations of such terms. If you intend to use Tunnels in production you should use a pre-created named tunnel by following: https://developers.cloudflare.com/cloudflare-one/connections/connect-apps
2026-05-22T23:01:02Z INF Requesting new quick Tunnel on trycloudflare.com...
2026-05-22T23:01:05Z INF +--------------------------------------------------------------------------------------------+
2026-05-22T23:01:05Z INF |  Your quick Tunnel has been created! Visit it at (it may take some time to be reachable):  |
2026-05-22T23:01:05Z INF |  https://disks-met-cow-generates.trycloudflare.com                                         |
2026-05-22T23:01:05Z INF +--------------------------------------------------------------------------------------------+
2026-05-22T23:01:05Z INF Cannot determine default configuration path. No file [config.yml config.yaml] in [~/.cloudflared ~/.cloudflare-warp ~/cloudflare-warp /etc/cloudflared /usr/local/etc/cloudflared]
2026-05-22T23:01:05Z INF Version 2026.3.0 (Checksum 4a9e50e6d6d798e90fcd01933151a90bf7edd99a0a55c28ad18f2e16263a5c30)
2026-05-22T23:01:05Z INF GOOS: linux, GOVersion: go1.24.13, GoArch: amd64
2026-05-22T23:01:05Z INF Settings: map[ha-connections:1 protocol:quic url:http://localhost:4010]
2026-05-22T23:01:05Z INF Generated Connector ID: 612bcfb9-cd5e-4a87-92cd-618b9c8d4880
2026-05-22T23:01:05Z INF Initial protocol quic
2026-05-22T23:01:05Z INF ICMP proxy will use 203.253.25.165 as source for IPv4
2026-05-22T23:01:05Z INF ICMP proxy will use fe80::3ae1:3c0d:ec12:c6ee in zone enp4s0 as source for IPv6
2026-05-22T23:01:05Z INF Autoupdate frequency is set autoupdateFreq=86400000
2026-05-22T23:01:05Z INF ICMP proxy will use 203.253.25.165 as source for IPv4
2026-05-22T23:01:05Z INF ICMP proxy will use fe80::3ae1:3c0d:ec12:c6ee in zone enp4s0 as source for IPv6
2026-05-22T23:01:05Z INF Starting metrics server on 127.0.0.1:20241/metrics
2026-05-22T23:01:05Z INF Tunnel connection curve preferences: [X25519MLKEM768 CurveP256] connIndex=0 event=0 ip=198.41.200.113
2026/05/23 08:01:05 failed to sufficiently increase receive buffer size (was: 208 kiB, wanted: 7168 kiB, got: 416 kiB). See https://github.com/quic-go/quic-go/wiki/UDP-Buffer-Sizes for details.
2026-05-22T23:01:06Z INF Registered tunnel connection connIndex=0 connection=9b620fbd-4739-4eee-bdc1-7b706e3a8192 event=0 ip=198.41.200.113 location=icn01 protocol=quic
[2026-05-24 08:02:45] Starting new admin tunnel...
[2026-05-24 08:02:45] Started cloudflared PID: 135965
[2026-05-24 08:02:51] Admin tunnel URL: https://chess-kinda-until-essentials.trycloudflare.com
[2026-05-24 08:02:55] Updating admin.html: https://disks-met-cow-generates.trycloudflare.com -> https://chess-kinda-until-essentials.trycloudflare.com
Version auto-updated to v1314
[main e713fdb] Auto-update admin tunnel URL
 2 files changed, 4 insertions(+), 4 deletions(-)
To https://github.com/ssurealitylab/ssurealitylab.github.io.git
   bfe6d7f..e713fdb  main -> main
[2026-05-24 08:02:57] [safe_git_push] push succeeded on attempt 1
[2026-05-24 08:02:57] Successfully pushed admin URL to GitHub
2026-05-23T23:02:45Z INF Thank you for trying Cloudflare Tunnel. Doing so, without a Cloudflare account, is a quick way to experiment and try it out. However, be aware that these account-less Tunnels have no uptime guarantee, are subject to the Cloudflare Online Services Terms of Use (https://www.cloudflare.com/website-terms/), and Cloudflare reserves the right to investigate your use of Tunnels for violations of such terms. If you intend to use Tunnels in production you should use a pre-created named tunnel by following: https://developers.cloudflare.com/cloudflare-one/connections/connect-apps
2026-05-23T23:02:45Z INF Requesting new quick Tunnel on trycloudflare.com...
2026-05-23T23:02:49Z INF +--------------------------------------------------------------------------------------------+
2026-05-23T23:02:49Z INF |  Your quick Tunnel has been created! Visit it at (it may take some time to be reachable):  |
2026-05-23T23:02:49Z INF |  https://chess-kinda-until-essentials.trycloudflare.com                                    |
2026-05-23T23:02:49Z INF +--------------------------------------------------------------------------------------------+
2026-05-23T23:02:49Z INF Cannot determine default configuration path. No file [config.yml config.yaml] in [~/.cloudflared ~/.cloudflare-warp ~/cloudflare-warp /etc/cloudflared /usr/local/etc/cloudflared]
2026-05-23T23:02:49Z INF Version 2026.5.0 (Checksum 0095e46fdc88855d801c4d304cb1f5dd4bd656116c47ab94c2ad0ae7cda1c7ec)
2026-05-23T23:02:49Z INF GOOS: linux, GOVersion: go1.26.2, GoArch: amd64
2026-05-23T23:02:49Z INF Settings: map[ha-connections:1 protocol:quic url:http://localhost:4010]
2026-05-23T23:02:49Z INF Autoupdate frequency is set autoupdateFreq=86400000
2026-05-23T23:02:49Z INF Generated Connector ID: cb6b2ec5-55c1-45de-bdff-e6526fff7dd6
2026-05-23T23:02:49Z INF Initial protocol quic
2026-05-23T23:02:49Z INF ICMP proxy will use 203.253.25.165 as source for IPv4
2026-05-23T23:02:49Z INF ICMP proxy will use fe80::3ae1:3c0d:ec12:c6ee in zone enp4s0 as source for IPv6
2026-05-23T23:02:49Z INF ICMP proxy will use 203.253.25.165 as source for IPv4
2026-05-23T23:02:49Z INF ICMP proxy will use fe80::3ae1:3c0d:ec12:c6ee in zone enp4s0 as source for IPv6
2026-05-23T23:02:49Z INF Starting metrics server on 127.0.0.1:20242/metrics
2026-05-23T23:02:49Z INF Tunnel connection curve preferences: [X25519MLKEM768 CurveID(65074) CurveP256] connIndex=0 event=0 ip=198.41.200.73
2026/05/24 08:02:49 failed to sufficiently increase receive buffer size (was: 208 kiB, wanted: 7168 kiB, got: 416 kiB). See https://github.com/quic-go/quic-go/wiki/UDP-Buffer-Sizes for details.
2026-05-23T23:02:49Z INF Registered tunnel connection connIndex=0 connection=4643d7f6-a7fe-4e1e-a3a9-e6a977dc49f7 event=0 ip=198.41.200.73 location=icn01 protocol=quic
[2026-05-25 08:00:09] Killed old admin tunnel PID: 135965
[2026-05-25 08:00:12] Starting new admin tunnel...
[2026-05-25 08:00:12] Started cloudflared PID: 177749
[2026-05-25 08:00:16] Admin tunnel URL: https://navigate-replaced-bloggers-dialogue.trycloudflare.com
[2026-05-25 08:00:19] WARN: Admin tunnel returned 000
[2026-05-25 08:00:19] Updating admin.html: https://chess-kinda-until-essentials.trycloudflare.com -> https://navigate-replaced-bloggers-dialogue.trycloudflare.com
Version auto-updated to v1315
[main b5ad897] Auto-update admin tunnel URL
 2 files changed, 5 insertions(+), 5 deletions(-)
To https://github.com/ssurealitylab/ssurealitylab.github.io.git
   e713fdb..b5ad897  main -> main
[2026-05-25 08:00:22] [safe_git_push] push succeeded on attempt 1
[2026-05-25 08:00:22] Successfully pushed admin URL to GitHub
2026-05-24T23:00:12Z INF Thank you for trying Cloudflare Tunnel. Doing so, without a Cloudflare account, is a quick way to experiment and try it out. However, be aware that these account-less Tunnels have no uptime guarantee, are subject to the Cloudflare Online Services Terms of Use (https://www.cloudflare.com/website-terms/), and Cloudflare reserves the right to investigate your use of Tunnels for violations of such terms. If you intend to use Tunnels in production you should use a pre-created named tunnel by following: https://developers.cloudflare.com/cloudflare-one/connections/connect-apps
2026-05-24T23:00:12Z INF Requesting new quick Tunnel on trycloudflare.com...
2026-05-24T23:00:16Z INF +--------------------------------------------------------------------------------------------+
2026-05-24T23:00:16Z INF |  Your quick Tunnel has been created! Visit it at (it may take some time to be reachable):  |
2026-05-24T23:00:16Z INF |  https://navigate-replaced-bloggers-dialogue.trycloudflare.com                             |
2026-05-24T23:00:16Z INF +--------------------------------------------------------------------------------------------+
2026-05-24T23:00:16Z INF Cannot determine default configuration path. No file [config.yml config.yaml] in [~/.cloudflared ~/.cloudflare-warp ~/cloudflare-warp /etc/cloudflared /usr/local/etc/cloudflared]
2026-05-24T23:00:16Z INF Version 2026.5.0 (Checksum 0095e46fdc88855d801c4d304cb1f5dd4bd656116c47ab94c2ad0ae7cda1c7ec)
2026-05-24T23:00:16Z INF GOOS: linux, GOVersion: go1.26.2, GoArch: amd64
2026-05-24T23:00:16Z INF Settings: map[ha-connections:1 protocol:quic url:http://localhost:4010]
2026-05-24T23:00:16Z INF Autoupdate frequency is set autoupdateFreq=86400000
2026-05-24T23:00:16Z INF Generated Connector ID: 60afae7b-9f69-425a-ba3b-2d692c453836
2026-05-24T23:00:16Z INF Initial protocol quic
2026-05-24T23:00:16Z INF ICMP proxy will use 203.253.25.165 as source for IPv4
2026-05-24T23:00:16Z INF ICMP proxy will use fe80::3ae1:3c0d:ec12:c6ee in zone enp4s0 as source for IPv6
2026-05-24T23:00:16Z INF ICMP proxy will use 203.253.25.165 as source for IPv4
2026-05-24T23:00:16Z INF ICMP proxy will use fe80::3ae1:3c0d:ec12:c6ee in zone enp4s0 as source for IPv6
2026-05-24T23:00:16Z INF Starting metrics server on 127.0.0.1:20241/metrics
2026-05-24T23:00:16Z INF Tunnel connection curve preferences: [X25519MLKEM768 CurveID(65074) CurveP256] connIndex=0 event=0 ip=198.41.200.233
2026/05/25 08:00:16 failed to sufficiently increase receive buffer size (was: 208 kiB, wanted: 7168 kiB, got: 416 kiB). See https://github.com/quic-go/quic-go/wiki/UDP-Buffer-Sizes for details.
2026-05-24T23:00:16Z INF Registered tunnel connection connIndex=0 connection=c3b26e42-7c9f-4bd7-8099-9d90f7a5bf9f event=0 ip=198.41.200.233 location=icn01 protocol=quic
[2026-05-26 08:00:11] Killed old admin tunnel PID: 177749
[2026-05-26 08:00:13] Starting new admin tunnel...
[2026-05-26 08:00:13] Started cloudflared PID: 229967
[2026-05-26 08:00:14] Starting new admin tunnel...
[2026-05-26 08:00:14] Started cloudflared PID: 229986
[2026-05-26 08:00:18] Admin tunnel URL: https://research-handle-allowing-screening.trycloudflare.com
[2026-05-26 08:00:19] Admin tunnel URL: https://research-handle-allowing-screening.trycloudflare.com
[2026-05-26 08:00:21] WARN: Admin tunnel returned 000
[2026-05-26 08:00:21] Updating admin.html: https://navigate-replaced-bloggers-dialogue.trycloudflare.com -> https://research-handle-allowing-screening.trycloudflare.com
Version auto-updated to v1319
[main 7986905] Auto-update admin tunnel URL
 2 files changed, 4 insertions(+), 4 deletions(-)
[2026-05-26 08:00:22] WARN: Admin tunnel returned 000
[2026-05-26 08:00:22] URL unchanged, skipping git push
2026-05-25T23:00:14Z INF Thank you for trying Cloudflare Tunnel. Doing so, without a Cloudflare account, is a quick way to experiment and try it out. However, be aware that these account-less Tunnels have no uptime guarantee, are subject to the Cloudflare Online Services Terms of Use (https://www.cloudflare.com/website-terms/), and Cloudflare reserves the right to investigate your use of Tunnels for violations of such terms. If you intend to use Tunnels in production you should use a pre-created named tunnel by following: https://developers.cloudflare.com/cloudflare-one/connections/connect-apps
2026-05-25T23:00:14Z INF Requesting new quick Tunnel on trycloudflare.com...
2026-05-25T23:00:17Z INF +--------------------------------------------------------------------------------------------+
2026-05-25T23:00:17Z INF |  Your quick Tunnel has been created! Visit it at (it may take some time to be reachable):  |
2026-05-25T23:00:17Z INF |  https://research-handle-allowing-screening.trycloudflare.com                              |
2026-05-25T23:00:17Z INF +--------------------------------------------------------------------------------------------+
2026-05-25T23:00:17Z INF Cannot determine default configuration path. No file [config.yml config.yaml] in [~/.cloudflared ~/.cloudflare-warp ~/cloudflare-warp /etc/cloudflared /usr/local/etc/cloudflared]
2026-05-25T23:00:17Z INF Version 2026.5.0 (Checksum 0095e46fdc88855d801c4d304cb1f5dd4bd656116c47ab94c2ad0ae7cda1c7ec)
2026-05-25T23:00:17Z INF GOOS: linux, GOVersion: go1.26.2, GoArch: amd64
2026-05-25T23:00:17Z INF Settings: map[ha-connections:1 protocol:quic url:http://localhost:4010]
2026-05-25T23:00:17Z INF Autoupdate frequency is set autoupdateFreq=86400000
2026-05-25T23:00:17Z INF Generated Connector ID: b342df62-3672-4eed-b936-17cf018b78aa
2026-05-25T23:00:17Z INF Initial protocol quic
2026-05-25T23:00:17Z INF ICMP proxy will use 203.253.25.165 as source for IPv4
2026-05-25T23:00:17Z INF ICMP proxy will use fe80::3ae1:3c0d:ec12:c6ee in zone enp4s0 as source for IPv6
2026-05-25T23:00:17Z INF ICMP proxy will use 203.253.25.165 as source for IPv4
2026-05-25T23:00:17Z INF ICMP proxy will use fe80::3ae1:3c0d:ec12:c6ee in zone enp4s0 as source for IPv6
2026-05-25T23:00:17Z INF Starting metrics server on 127.0.0.1:20241/metrics
2026-05-25T23:00:17Z INF Tunnel connection curve preferences: [X25519MLKEM768 CurveID(65074) CurveP256] connIndex=0 event=0 ip=198.41.200.193
2026/05/26 08:00:17 failed to sufficiently increase receive buffer size (was: 208 kiB, wanted: 7168 kiB, got: 416 kiB). See https://github.com/quic-go/quic-go/wiki/UDP-Buffer-Sizes for details.
2026-05-25T23:00:18Z INF Registered tunnel connection connIndex=0 connection=b1aa815f-1abf-4350-b23f-661266c80e8f event=0 ip=198.41.200.193 location=icn01 protocol=quic
To https://github.com/ssurealitylab/ssurealitylab.github.io.git
   1408f70..7986905  main -> main
[2026-05-26 08:00:24] [safe_git_push] push succeeded on attempt 1
[2026-05-26 08:00:24] Successfully pushed admin URL to GitHub
[2026-05-27 08:00:12] Killed old admin tunnel PID: 229986
[2026-05-27 08:00:14] Starting new admin tunnel...
[2026-05-27 08:00:14] Started cloudflared PID: 280257
[2026-05-27 08:00:15] Starting new admin tunnel...
[2026-05-27 08:00:15] Started cloudflared PID: 280277
[2026-05-27 08:00:19] Admin tunnel URL: https://expertise-pavilion-ips-competent.trycloudflare.com
[2026-05-27 08:00:20] Admin tunnel URL: https://expertise-pavilion-ips-competent.trycloudflare.com
[2026-05-27 08:00:22] WARN: Admin tunnel returned 000
[2026-05-27 08:00:22] Updating admin.html: https://research-handle-allowing-screening.trycloudflare.com -> https://expertise-pavilion-ips-competent.trycloudflare.com
Version auto-updated to v1320
[main e324457] Auto-update admin tunnel URL
 2 files changed, 5 insertions(+), 5 deletions(-)
[2026-05-27 08:00:23] WARN: Admin tunnel returned 000
[2026-05-27 08:00:23] URL unchanged, skipping git push
2026-05-26T23:00:15Z INF Thank you for trying Cloudflare Tunnel. Doing so, without a Cloudflare account, is a quick way to experiment and try it out. However, be aware that these account-less Tunnels have no uptime guarantee, are subject to the Cloudflare Online Services Terms of Use (https://www.cloudflare.com/website-terms/), and Cloudflare reserves the right to investigate your use of Tunnels for violations of such terms. If you intend to use Tunnels in production you should use a pre-created named tunnel by following: https://developers.cloudflare.com/cloudflare-one/connections/connect-apps
2026-05-26T23:00:15Z INF Requesting new quick Tunnel on trycloudflare.com...
2026-05-26T23:00:18Z INF +--------------------------------------------------------------------------------------------+
2026-05-26T23:00:18Z INF |  Your quick Tunnel has been created! Visit it at (it may take some time to be reachable):  |
2026-05-26T23:00:18Z INF |  https://expertise-pavilion-ips-competent.trycloudflare.com                                |
2026-05-26T23:00:18Z INF +--------------------------------------------------------------------------------------------+
2026-05-26T23:00:18Z INF Cannot determine default configuration path. No file [config.yml config.yaml] in [~/.cloudflared ~/.cloudflare-warp ~/cloudflare-warp /etc/cloudflared /usr/local/etc/cloudflared]
2026-05-26T23:00:18Z INF Version 2026.5.0 (Checksum 0095e46fdc88855d801c4d304cb1f5dd4bd656116c47ab94c2ad0ae7cda1c7ec)
2026-05-26T23:00:18Z INF GOOS: linux, GOVersion: go1.26.2, GoArch: amd64
2026-05-26T23:00:18Z INF Settings: map[ha-connections:1 protocol:quic url:http://localhost:4010]
2026-05-26T23:00:18Z INF Autoupdate frequency is set autoupdateFreq=86400000
2026-05-26T23:00:18Z INF Generated Connector ID: 55eb0fb9-fe11-4847-96df-18b19774061b
2026-05-26T23:00:18Z INF Initial protocol quic
2026-05-26T23:00:18Z INF ICMP proxy will use 203.253.25.165 as source for IPv4
2026-05-26T23:00:18Z INF ICMP proxy will use fe80::3ae1:3c0d:ec12:c6ee in zone enp4s0 as source for IPv6
2026-05-26T23:00:18Z INF ICMP proxy will use 203.253.25.165 as source for IPv4
2026-05-26T23:00:18Z INF ICMP proxy will use fe80::3ae1:3c0d:ec12:c6ee in zone enp4s0 as source for IPv6
2026-05-26T23:00:18Z INF Starting metrics server on 127.0.0.1:20241/metrics
2026-05-26T23:00:18Z INF Tunnel connection curve preferences: [X25519MLKEM768 CurveID(65074) CurveP256] connIndex=0 event=0 ip=198.41.200.23
2026/05/27 08:00:18 failed to sufficiently increase receive buffer size (was: 208 kiB, wanted: 7168 kiB, got: 416 kiB). See https://github.com/quic-go/quic-go/wiki/UDP-Buffer-Sizes for details.
2026-05-26T23:00:19Z INF Registered tunnel connection connIndex=0 connection=3089af21-640f-4756-a63d-86e3bc68d3b5 event=0 ip=198.41.200.23 location=icn05 protocol=quic
To https://github.com/ssurealitylab/ssurealitylab.github.io.git
   7986905..e324457  main -> main
[2026-05-27 08:00:25] [safe_git_push] push succeeded on attempt 1
[2026-05-27 08:00:25] Successfully pushed admin URL to GitHub
[2026-05-28 08:00:11] Killed old admin tunnel PID: 280277
[2026-05-28 08:00:13] Starting new admin tunnel...
[2026-05-28 08:00:13] Started cloudflared PID: 367168
[2026-05-28 08:00:14] Starting new admin tunnel...
[2026-05-28 08:00:14] Started cloudflared PID: 367179
[2026-05-28 08:00:18] Admin tunnel URL: https://briefing-governor-gotta-marc.trycloudflare.com
[2026-05-28 08:00:19] Admin tunnel URL: https://briefing-governor-gotta-marc.trycloudflare.com
[2026-05-28 08:00:22] WARN: Admin tunnel returned 000
[2026-05-28 08:00:22] Updating admin.html: https://expertise-pavilion-ips-competent.trycloudflare.com -> https://briefing-governor-gotta-marc.trycloudflare.com
Version auto-updated to v1324
[main 1743e59] Auto-update admin tunnel URL
 2 files changed, 4 insertions(+), 4 deletions(-)
[2026-05-28 08:00:22] WARN: Admin tunnel returned 000
[2026-05-28 08:00:22] URL unchanged, skipping git push
2026-05-27T23:00:15Z INF Thank you for trying Cloudflare Tunnel. Doing so, without a Cloudflare account, is a quick way to experiment and try it out. However, be aware that these account-less Tunnels have no uptime guarantee, are subject to the Cloudflare Online Services Terms of Use (https://www.cloudflare.com/website-terms/), and Cloudflare reserves the right to investigate your use of Tunnels for violations of such terms. If you intend to use Tunnels in production you should use a pre-created named tunnel by following: https://developers.cloudflare.com/cloudflare-one/connections/connect-apps
2026-05-27T23:00:15Z INF Requesting new quick Tunnel on trycloudflare.com...
2026-05-27T23:00:18Z INF +--------------------------------------------------------------------------------------------+
2026-05-27T23:00:18Z INF |  Your quick Tunnel has been created! Visit it at (it may take some time to be reachable):  |
2026-05-27T23:00:18Z INF |  https://briefing-governor-gotta-marc.trycloudflare.com                                    |
2026-05-27T23:00:18Z INF +--------------------------------------------------------------------------------------------+
2026-05-27T23:00:18Z INF Cannot determine default configuration path. No file [config.yml config.yaml] in [~/.cloudflared ~/.cloudflare-warp ~/cloudflare-warp /etc/cloudflared /usr/local/etc/cloudflared]
2026-05-27T23:00:18Z INF Version 2026.5.0 (Checksum 0095e46fdc88855d801c4d304cb1f5dd4bd656116c47ab94c2ad0ae7cda1c7ec)
2026-05-27T23:00:18Z INF GOOS: linux, GOVersion: go1.26.2, GoArch: amd64
2026-05-27T23:00:18Z INF Settings: map[ha-connections:1 protocol:quic url:http://localhost:4010]
2026-05-27T23:00:18Z INF Autoupdate frequency is set autoupdateFreq=86400000
2026-05-27T23:00:18Z INF Generated Connector ID: fbd386da-b32b-4dce-b373-ff0f403f6ab0
2026-05-27T23:00:18Z INF Initial protocol quic
2026-05-27T23:00:18Z INF ICMP proxy will use 203.253.25.165 as source for IPv4
2026-05-27T23:00:18Z INF ICMP proxy will use fe80::3ae1:3c0d:ec12:c6ee in zone enp4s0 as source for IPv6
2026-05-27T23:00:18Z INF ICMP proxy will use 203.253.25.165 as source for IPv4
2026-05-27T23:00:18Z INF ICMP proxy will use fe80::3ae1:3c0d:ec12:c6ee in zone enp4s0 as source for IPv6
2026-05-27T23:00:18Z INF Starting metrics server on 127.0.0.1:20241/metrics
2026-05-27T23:00:18Z INF Tunnel connection curve preferences: [X25519MLKEM768 CurveID(65074) CurveP256] connIndex=0 event=0 ip=198.41.200.73
2026/05/28 08:00:18 failed to sufficiently increase receive buffer size (was: 208 kiB, wanted: 7168 kiB, got: 416 kiB). See https://github.com/quic-go/quic-go/wiki/UDP-Buffer-Sizes for details.
2026-05-27T23:00:19Z INF Registered tunnel connection connIndex=0 connection=f8801d8e-6aeb-4bed-88f1-09aa4805ccd5 event=0 ip=198.41.200.73 location=icn05 protocol=quic
To https://github.com/ssurealitylab/ssurealitylab.github.io.git
 ! [remote rejected] main -> main (cannot lock ref 'refs/heads/main': is at 9b36acec0cee83f2b548ed6befb2a0c3383aaed6 but expected ad5c35c81b223939d2fa716c15915ff74f2e1a4a)
error: failed to push some refs to 'https://github.com/ssurealitylab/ssurealitylab.github.io.git'
[2026-05-28 08:00:25] [safe_git_push] push attempt 1 failed, attempting pull --rebase
error: cannot pull with rebase: You have unstaged changes.
error: please commit or stash them.
[2026-05-28 08:00:25] [safe_git_push] pull --rebase failed (likely conflict). Aborting and giving up.
fatal: No rebase in progress?
[2026-05-28 08:00:25] WARNING: Failed to push to GitHub after retries
[2026-05-29 08:00:16] Killed old admin tunnel PID: 367179
[2026-05-29 08:00:19] Starting new admin tunnel...
[2026-05-29 08:00:19] Started cloudflared PID: 419358
[2026-05-29 08:00:23] Admin tunnel URL: https://modification-mounted-adapters-proteins.trycloudflare.com
[2026-05-29 08:00:26] WARN: Admin tunnel returned 000
[2026-05-29 08:00:27] Updating admin.html: https://briefing-governor-gotta-marc.trycloudflare.com -> https://modification-mounted-adapters-proteins.trycloudflare.com
Version auto-updated to v1325
[main c897980] Auto-update admin tunnel URL
 2 files changed, 5 insertions(+), 5 deletions(-)
To https://github.com/ssurealitylab/ssurealitylab.github.io.git
   9b36ace..c897980  main -> main
[2026-05-29 08:00:30] [safe_git_push] push succeeded on attempt 1
[2026-05-29 08:00:30] Successfully pushed admin URL to GitHub
2026-05-28T23:00:20Z INF Thank you for trying Cloudflare Tunnel. Doing so, without a Cloudflare account, is a quick way to experiment and try it out. However, be aware that these account-less Tunnels have no uptime guarantee, are subject to the Cloudflare Online Services Terms of Use (https://www.cloudflare.com/website-terms/), and Cloudflare reserves the right to investigate your use of Tunnels for violations of such terms. If you intend to use Tunnels in production you should use a pre-created named tunnel by following: https://developers.cloudflare.com/cloudflare-one/connections/connect-apps
2026-05-28T23:00:20Z INF Requesting new quick Tunnel on trycloudflare.com...
2026-05-28T23:00:23Z INF +--------------------------------------------------------------------------------------------+
2026-05-28T23:00:23Z INF |  Your quick Tunnel has been created! Visit it at (it may take some time to be reachable):  |
2026-05-28T23:00:23Z INF |  https://modification-mounted-adapters-proteins.trycloudflare.com                          |
2026-05-28T23:00:23Z INF +--------------------------------------------------------------------------------------------+
2026-05-28T23:00:23Z INF Cannot determine default configuration path. No file [config.yml config.yaml] in [~/.cloudflared ~/.cloudflare-warp ~/cloudflare-warp /etc/cloudflared /usr/local/etc/cloudflared]
2026-05-28T23:00:23Z INF Version 2026.5.0 (Checksum 0095e46fdc88855d801c4d304cb1f5dd4bd656116c47ab94c2ad0ae7cda1c7ec)
2026-05-28T23:00:23Z INF GOOS: linux, GOVersion: go1.26.2, GoArch: amd64
2026-05-28T23:00:23Z INF Settings: map[ha-connections:1 protocol:quic url:http://localhost:4010]
2026-05-28T23:00:23Z INF Autoupdate frequency is set autoupdateFreq=86400000
2026-05-28T23:00:23Z INF Generated Connector ID: 3780f23d-23ee-4a63-802e-6707f9c36b41
2026-05-28T23:00:23Z INF Initial protocol quic
2026-05-28T23:00:23Z INF ICMP proxy will use 203.253.25.165 as source for IPv4
2026-05-28T23:00:23Z INF ICMP proxy will use fe80::3ae1:3c0d:ec12:c6ee in zone enp4s0 as source for IPv6
2026-05-28T23:00:23Z INF ICMP proxy will use 203.253.25.165 as source for IPv4
2026-05-28T23:00:23Z INF ICMP proxy will use fe80::3ae1:3c0d:ec12:c6ee in zone enp4s0 as source for IPv6
2026-05-28T23:00:23Z INF Starting metrics server on 127.0.0.1:20241/metrics
2026-05-28T23:00:23Z INF Tunnel connection curve preferences: [X25519MLKEM768 CurveID(65074) CurveP256] connIndex=0 event=0 ip=198.41.192.227
2026/05/29 08:00:23 failed to sufficiently increase receive buffer size (was: 208 kiB, wanted: 7168 kiB, got: 416 kiB). See https://github.com/quic-go/quic-go/wiki/UDP-Buffer-Sizes for details.
2026-05-28T23:00:24Z INF Registered tunnel connection connIndex=0 connection=f87f8564-6e85-49cb-8961-77d6e7c05378 event=0 ip=198.41.192.227 location=icn06 protocol=quic
[2026-05-30 08:00:11] Killed old admin tunnel PID: 419358
[2026-05-30 08:00:13] Starting new admin tunnel...
[2026-05-30 08:00:13] Started cloudflared PID: 450453
[2026-05-30 08:00:14] Starting new admin tunnel...
[2026-05-30 08:00:14] Started cloudflared PID: 450477
[2026-05-30 08:00:18] Admin tunnel URL: https://dir-approaches-translations-ddr.trycloudflare.com
[2026-05-30 08:00:19] Admin tunnel URL: https://dir-approaches-translations-ddr.trycloudflare.com
[2026-05-30 08:00:21] WARN: Admin tunnel returned 000
[2026-05-30 08:00:21] Updating admin.html: https://modification-mounted-adapters-proteins.trycloudflare.com -> https://dir-approaches-translations-ddr.trycloudflare.com
Version auto-updated to v1327
[main 904b3bb] Auto-update admin tunnel URL
 2 files changed, 5 insertions(+), 5 deletions(-)
[2026-05-30 08:00:22] WARN: Admin tunnel returned 000
[2026-05-30 08:00:22] URL unchanged, skipping git push
2026-05-29T23:00:14Z INF Thank you for trying Cloudflare Tunnel. Doing so, without a Cloudflare account, is a quick way to experiment and try it out. However, be aware that these account-less Tunnels have no uptime guarantee, are subject to the Cloudflare Online Services Terms of Use (https://www.cloudflare.com/website-terms/), and Cloudflare reserves the right to investigate your use of Tunnels for violations of such terms. If you intend to use Tunnels in production you should use a pre-created named tunnel by following: https://developers.cloudflare.com/cloudflare-one/connections/connect-apps
2026-05-29T23:00:14Z INF Requesting new quick Tunnel on trycloudflare.com...
2026-05-29T23:00:17Z INF +--------------------------------------------------------------------------------------------+
2026-05-29T23:00:17Z INF |  Your quick Tunnel has been created! Visit it at (it may take some time to be reachable):  |
2026-05-29T23:00:17Z INF |  https://dir-approaches-translations-ddr.trycloudflare.com                                 |
2026-05-29T23:00:17Z INF +--------------------------------------------------------------------------------------------+
2026-05-29T23:00:17Z INF Cannot determine default configuration path. No file [config.yml config.yaml] in [~/.cloudflared ~/.cloudflare-warp ~/cloudflare-warp /etc/cloudflared /usr/local/etc/cloudflared]
2026-05-29T23:00:17Z INF Version 2026.5.0 (Checksum 0095e46fdc88855d801c4d304cb1f5dd4bd656116c47ab94c2ad0ae7cda1c7ec)
2026-05-29T23:00:17Z INF GOOS: linux, GOVersion: go1.26.2, GoArch: amd64
2026-05-29T23:00:17Z INF Settings: map[ha-connections:1 protocol:quic url:http://localhost:4010]
2026-05-29T23:00:17Z INF Autoupdate frequency is set autoupdateFreq=86400000
2026-05-29T23:00:17Z INF Generated Connector ID: fce11c31-b62c-4bc6-bc42-e240981afed6
2026-05-29T23:00:17Z INF Initial protocol quic
2026-05-29T23:00:18Z INF ICMP proxy will use 203.253.25.165 as source for IPv4
2026-05-29T23:00:18Z INF ICMP proxy will use fe80::3ae1:3c0d:ec12:c6ee in zone enp4s0 as source for IPv6
2026-05-29T23:00:18Z INF ICMP proxy will use 203.253.25.165 as source for IPv4
2026-05-29T23:00:18Z INF ICMP proxy will use fe80::3ae1:3c0d:ec12:c6ee in zone enp4s0 as source for IPv6
2026-05-29T23:00:18Z INF Starting metrics server on 127.0.0.1:20242/metrics
2026-05-29T23:00:18Z INF Tunnel connection curve preferences: [X25519MLKEM768 CurveID(65074) CurveP256] connIndex=0 event=0 ip=198.41.192.227
2026/05/30 08:00:18 failed to sufficiently increase receive buffer size (was: 208 kiB, wanted: 7168 kiB, got: 416 kiB). See https://github.com/quic-go/quic-go/wiki/UDP-Buffer-Sizes for details.
2026-05-29T23:00:18Z INF Registered tunnel connection connIndex=0 connection=cdfb8d98-957c-4da3-b61b-bbb529243820 event=0 ip=198.41.192.227 location=icn06 protocol=quic
To https://github.com/ssurealitylab/ssurealitylab.github.io.git
   21b939b..904b3bb  main -> main
[2026-05-30 08:00:24] [safe_git_push] push succeeded on attempt 1
[2026-05-30 08:00:24] Successfully pushed admin URL to GitHub
[2026-05-31 08:00:11] Killed old admin tunnel PID: 450477
[2026-05-31 08:00:13] Starting new admin tunnel...
[2026-05-31 08:00:13] Started cloudflared PID: 503996
[2026-05-31 08:00:14] Starting new admin tunnel...
[2026-05-31 08:00:14] Started cloudflared PID: 504016
[2026-05-31 08:00:17] Admin tunnel URL: https://mel-through-tan-signatures.trycloudflare.com
[2026-05-31 08:00:18] Admin tunnel URL: https://mel-through-tan-signatures.trycloudflare.com
[2026-05-31 08:00:20] WARN: Admin tunnel returned 000
[2026-05-31 08:00:20] Updating admin.html: https://dir-approaches-translations-ddr.trycloudflare.com -> https://mel-through-tan-signatures.trycloudflare.com
Version auto-updated to v1329
[main dba2904] Auto-update admin tunnel URL
 2 files changed, 5 insertions(+), 5 deletions(-)
[2026-05-31 08:00:21] WARN: Admin tunnel returned 000
[2026-05-31 08:00:21] URL unchanged, skipping git push
2026-05-30T23:00:14Z INF Thank you for trying Cloudflare Tunnel. Doing so, without a Cloudflare account, is a quick way to experiment and try it out. However, be aware that these account-less Tunnels have no uptime guarantee, are subject to the Cloudflare Online Services Terms of Use (https://www.cloudflare.com/website-terms/), and Cloudflare reserves the right to investigate your use of Tunnels for violations of such terms. If you intend to use Tunnels in production you should use a pre-created named tunnel by following: https://developers.cloudflare.com/cloudflare-one/connections/connect-apps
2026-05-30T23:00:14Z INF Requesting new quick Tunnel on trycloudflare.com...
2026-05-30T23:00:17Z INF +--------------------------------------------------------------------------------------------+
2026-05-30T23:00:17Z INF |  Your quick Tunnel has been created! Visit it at (it may take some time to be reachable):  |
2026-05-30T23:00:17Z INF |  https://mel-through-tan-signatures.trycloudflare.com                                      |
2026-05-30T23:00:17Z INF +--------------------------------------------------------------------------------------------+
2026-05-30T23:00:17Z INF Cannot determine default configuration path. No file [config.yml config.yaml] in [~/.cloudflared ~/.cloudflare-warp ~/cloudflare-warp /etc/cloudflared /usr/local/etc/cloudflared]
2026-05-30T23:00:17Z INF Version 2026.5.0 (Checksum 0095e46fdc88855d801c4d304cb1f5dd4bd656116c47ab94c2ad0ae7cda1c7ec)
2026-05-30T23:00:17Z INF GOOS: linux, GOVersion: go1.26.2, GoArch: amd64
2026-05-30T23:00:17Z INF Settings: map[ha-connections:1 protocol:quic url:http://localhost:4010]
2026-05-30T23:00:17Z INF Autoupdate frequency is set autoupdateFreq=86400000
2026-05-30T23:00:17Z INF Generated Connector ID: be4890a5-8231-42a7-a7d1-78ce6f258ec2
2026-05-30T23:00:17Z INF Initial protocol quic
2026-05-30T23:00:17Z INF ICMP proxy will use 203.253.25.165 as source for IPv4
2026-05-30T23:00:17Z INF ICMP proxy will use fe80::3ae1:3c0d:ec12:c6ee in zone enp4s0 as source for IPv6
2026-05-30T23:00:17Z INF ICMP proxy will use 203.253.25.165 as source for IPv4
2026-05-30T23:00:17Z INF ICMP proxy will use fe80::3ae1:3c0d:ec12:c6ee in zone enp4s0 as source for IPv6
2026-05-30T23:00:17Z INF Starting metrics server on 127.0.0.1:20241/metrics
2026-05-30T23:00:17Z INF Tunnel connection curve preferences: [X25519MLKEM768 CurveID(65074) CurveP256] connIndex=0 event=0 ip=198.41.200.73
2026/05/31 08:00:17 failed to sufficiently increase receive buffer size (was: 208 kiB, wanted: 7168 kiB, got: 416 kiB). See https://github.com/quic-go/quic-go/wiki/UDP-Buffer-Sizes for details.
2026-05-30T23:00:17Z INF Registered tunnel connection connIndex=0 connection=d4f53dc3-a557-41d4-9690-dfe33ef24631 event=0 ip=198.41.200.73 location=icn01 protocol=quic
To https://github.com/ssurealitylab/ssurealitylab.github.io.git
   8d5d565..dba2904  main -> main
[2026-05-31 08:00:23] [safe_git_push] push succeeded on attempt 1
[2026-05-31 08:00:23] Successfully pushed admin URL to GitHub
[2026-06-01 08:00:11] Killed old admin tunnel PID: 504016
[2026-06-01 08:00:13] Starting new admin tunnel...
[2026-06-01 08:00:13] Started cloudflared PID: 626949
[2026-06-01 08:00:14] Starting new admin tunnel...
[2026-06-01 08:00:14] Started cloudflared PID: 626966
[2026-06-01 08:00:18] Admin tunnel URL: https://points-appliance-confident-mystery.trycloudflare.com
[2026-06-01 08:00:19] Admin tunnel URL: https://points-appliance-confident-mystery.trycloudflare.com
[2026-06-01 08:00:21] WARN: Admin tunnel returned 000
[2026-06-01 08:00:21] Updating admin.html: https://mel-through-tan-signatures.trycloudflare.com -> https://points-appliance-confident-mystery.trycloudflare.com
Version auto-updated to v1332
[main bd773be] Auto-update admin tunnel URL
 2 files changed, 4 insertions(+), 4 deletions(-)
[2026-06-01 08:00:22] WARN: Admin tunnel returned 000
[2026-06-01 08:00:22] URL unchanged, skipping git push
2026-05-31T23:00:14Z INF Thank you for trying Cloudflare Tunnel. Doing so, without a Cloudflare account, is a quick way to experiment and try it out. However, be aware that these account-less Tunnels have no uptime guarantee, are subject to the Cloudflare Online Services Terms of Use (https://www.cloudflare.com/website-terms/), and Cloudflare reserves the right to investigate your use of Tunnels for violations of such terms. If you intend to use Tunnels in production you should use a pre-created named tunnel by following: https://developers.cloudflare.com/cloudflare-one/connections/connect-apps
2026-05-31T23:00:14Z INF Requesting new quick Tunnel on trycloudflare.com...
2026-05-31T23:00:17Z INF +--------------------------------------------------------------------------------------------+
2026-05-31T23:00:17Z INF |  Your quick Tunnel has been created! Visit it at (it may take some time to be reachable):  |
2026-05-31T23:00:17Z INF |  https://points-appliance-confident-mystery.trycloudflare.com                              |
2026-05-31T23:00:17Z INF +--------------------------------------------------------------------------------------------+
2026-05-31T23:00:17Z INF Cannot determine default configuration path. No file [config.yml config.yaml] in [~/.cloudflared ~/.cloudflare-warp ~/cloudflare-warp /etc/cloudflared /usr/local/etc/cloudflared]
2026-05-31T23:00:17Z INF Version 2026.5.0 (Checksum 0095e46fdc88855d801c4d304cb1f5dd4bd656116c47ab94c2ad0ae7cda1c7ec)
2026-05-31T23:00:17Z INF GOOS: linux, GOVersion: go1.26.2, GoArch: amd64
2026-05-31T23:00:17Z INF Settings: map[ha-connections:1 protocol:quic url:http://localhost:4010]
2026-05-31T23:00:17Z INF Autoupdate frequency is set autoupdateFreq=86400000
2026-05-31T23:00:17Z INF Generated Connector ID: 4b10e50d-c69f-4f80-af94-a30a275d136e
2026-05-31T23:00:17Z INF Initial protocol quic
2026-05-31T23:00:17Z INF ICMP proxy will use 203.253.25.165 as source for IPv4
2026-05-31T23:00:17Z INF ICMP proxy will use fe80::3ae1:3c0d:ec12:c6ee in zone enp4s0 as source for IPv6
2026-05-31T23:00:17Z INF ICMP proxy will use 203.253.25.165 as source for IPv4
2026-05-31T23:00:17Z INF ICMP proxy will use fe80::3ae1:3c0d:ec12:c6ee in zone enp4s0 as source for IPv6
2026-05-31T23:00:17Z INF Starting metrics server on 127.0.0.1:20241/metrics
2026-05-31T23:00:17Z INF Tunnel connection curve preferences: [X25519MLKEM768 CurveID(65074) CurveP256] connIndex=0 event=0 ip=198.41.200.63
2026/06/01 08:00:17 failed to sufficiently increase receive buffer size (was: 208 kiB, wanted: 7168 kiB, got: 416 kiB). See https://github.com/quic-go/quic-go/wiki/UDP-Buffer-Sizes for details.
2026-05-31T23:00:18Z INF Registered tunnel connection connIndex=0 connection=9dc2c9e2-82e0-45a7-8c30-aad1881e3929 event=0 ip=198.41.200.63 location=icn01 protocol=quic
To https://github.com/ssurealitylab/ssurealitylab.github.io.git
   e40ead7..bd773be  main -> main
[2026-06-01 08:00:24] [safe_git_push] push succeeded on attempt 1
[2026-06-01 08:00:24] Successfully pushed admin URL to GitHub
[2026-06-02 08:00:09] Killed old admin tunnel PID: 626966
[2026-06-02 08:00:12] Starting new admin tunnel...
[2026-06-02 08:00:12] Started cloudflared PID: 654221
[2026-06-02 08:00:13] Starting new admin tunnel...
[2026-06-02 08:00:13] Started cloudflared PID: 654230
[2026-06-02 08:00:18] Admin tunnel URL: https://viii-hartford-clan-missions.trycloudflare.com
[2026-06-02 08:00:19] Admin tunnel URL: https://viii-hartford-clan-missions.trycloudflare.com
[2026-06-02 08:00:22] WARN: Admin tunnel returned 000
[2026-06-02 08:00:22] Updating admin.html: https://points-appliance-confident-mystery.trycloudflare.com -> https://viii-hartford-clan-missions.trycloudflare.com
Version auto-updated to v1334
[main 187e747] Auto-update admin tunnel URL
 2 files changed, 4 insertions(+), 4 deletions(-)
[2026-06-02 08:00:22] WARN: Admin tunnel returned 000
[2026-06-02 08:00:22] URL unchanged, skipping git push
2026-06-01T23:00:13Z INF Thank you for trying Cloudflare Tunnel. Doing so, without a Cloudflare account, is a quick way to experiment and try it out. However, be aware that these account-less Tunnels have no uptime guarantee, are subject to the Cloudflare Online Services Terms of Use (https://www.cloudflare.com/website-terms/), and Cloudflare reserves the right to investigate your use of Tunnels for violations of such terms. If you intend to use Tunnels in production you should use a pre-created named tunnel by following: https://developers.cloudflare.com/cloudflare-one/connections/connect-apps
2026-06-01T23:00:13Z INF Requesting new quick Tunnel on trycloudflare.com...
2026-06-01T23:00:17Z INF +--------------------------------------------------------------------------------------------+
2026-06-01T23:00:17Z INF |  Your quick Tunnel has been created! Visit it at (it may take some time to be reachable):  |
2026-06-01T23:00:17Z INF |  https://viii-hartford-clan-missions.trycloudflare.com                                     |
2026-06-01T23:00:17Z INF +--------------------------------------------------------------------------------------------+
2026-06-01T23:00:17Z INF Cannot determine default configuration path. No file [config.yml config.yaml] in [~/.cloudflared ~/.cloudflare-warp ~/cloudflare-warp /etc/cloudflared /usr/local/etc/cloudflared]
2026-06-01T23:00:17Z INF Version 2026.5.0 (Checksum 0095e46fdc88855d801c4d304cb1f5dd4bd656116c47ab94c2ad0ae7cda1c7ec)
2026-06-01T23:00:17Z INF GOOS: linux, GOVersion: go1.26.2, GoArch: amd64
2026-06-01T23:00:17Z INF Settings: map[ha-connections:1 protocol:quic url:http://localhost:4010]
2026-06-01T23:00:17Z INF Autoupdate frequency is set autoupdateFreq=86400000
2026-06-01T23:00:17Z INF Generated Connector ID: 460d5aca-6ff2-45a9-a5f7-2c63fff6268c
2026-06-01T23:00:17Z INF Initial protocol quic
2026-06-01T23:00:17Z INF ICMP proxy will use 203.253.25.165 as source for IPv4
2026-06-01T23:00:17Z INF ICMP proxy will use fe80::3ae1:3c0d:ec12:c6ee in zone enp4s0 as source for IPv6
2026-06-01T23:00:17Z INF ICMP proxy will use 203.253.25.165 as source for IPv4
2026-06-01T23:00:17Z INF ICMP proxy will use fe80::3ae1:3c0d:ec12:c6ee in zone enp4s0 as source for IPv6
2026-06-01T23:00:17Z INF Starting metrics server on 127.0.0.1:20243/metrics
2026-06-01T23:00:17Z INF Tunnel connection curve preferences: [X25519MLKEM768 CurveID(65074) CurveP256] connIndex=0 event=0 ip=198.41.192.57
2026/06/02 08:00:17 failed to sufficiently increase receive buffer size (was: 208 kiB, wanted: 7168 kiB, got: 416 kiB). See https://github.com/quic-go/quic-go/wiki/UDP-Buffer-Sizes for details.
22026-06-01T23:00:18Z INF Registered tunnel connection connIndex=0 connection=c2f57f2f-430f-40b9-ae55-be90655899dd event=0 ip=198.41.192.167 location=icn06 protocol=quic
To https://github.com/ssurealitylab/ssurealitylab.github.io.git
   8aef4a8..187e747  main -> main
[2026-06-02 08:00:24] [safe_git_push] push succeeded on attempt 1
[2026-06-02 08:00:24] Successfully pushed admin URL to GitHub
[2026-06-02 15:32:16] Starting new admin tunnel...
[2026-06-02 15:32:16] Started cloudflared PID: 3453
[2026-06-02 15:32:20] Admin tunnel URL: https://looks-champagne-lying-farmers.trycloudflare.com
[2026-06-02 15:32:23] WARN: Admin tunnel returned 000
[2026-06-02 15:32:23] Updating admin.html: https://viii-hartford-clan-missions.trycloudflare.com -> https://looks-champagne-lying-farmers.trycloudflare.com
Version auto-updated to v1335
[main d47b07f] Auto-update admin tunnel URL
 2 files changed, 4 insertions(+), 4 deletions(-)
To https://github.com/ssurealitylab/ssurealitylab.github.io.git
   187e747..d47b07f  main -> main
[2026-06-02 15:32:26] [safe_git_push] push succeeded on attempt 1
[2026-06-02 15:32:26] Successfully pushed admin URL to GitHub
2026-06-02T06:32:16Z INF Thank you for trying Cloudflare Tunnel. Doing so, without a Cloudflare account, is a quick way to experiment and try it out. However, be aware that these account-less Tunnels have no uptime guarantee, are subject to the Cloudflare Online Services Terms of Use (https://www.cloudflare.com/website-terms/), and Cloudflare reserves the right to investigate your use of Tunnels for violations of such terms. If you intend to use Tunnels in production you should use a pre-created named tunnel by following: https://developers.cloudflare.com/cloudflare-one/connections/connect-apps
2026-06-02T06:32:16Z INF Requesting new quick Tunnel on trycloudflare.com...
2026-06-02T06:32:20Z INF +--------------------------------------------------------------------------------------------+
2026-06-02T06:32:20Z INF |  Your quick Tunnel has been created! Visit it at (it may take some time to be reachable):  |
2026-06-02T06:32:20Z INF |  https://looks-champagne-lying-farmers.trycloudflare.com                                   |
2026-06-02T06:32:20Z INF +--------------------------------------------------------------------------------------------+
2026-06-02T06:32:20Z INF Cannot determine default configuration path. No file [config.yml config.yaml] in [~/.cloudflared ~/.cloudflare-warp ~/cloudflare-warp /etc/cloudflared /usr/local/etc/cloudflared]
2026-06-02T06:32:20Z INF Version 2026.5.0 (Checksum 0095e46fdc88855d801c4d304cb1f5dd4bd656116c47ab94c2ad0ae7cda1c7ec)
2026-06-02T06:32:20Z INF GOOS: linux, GOVersion: go1.26.2, GoArch: amd64
2026-06-02T06:32:20Z INF Settings: map[ha-connections:1 protocol:quic url:http://localhost:4010]
2026-06-02T06:32:20Z INF Autoupdate frequency is set autoupdateFreq=86400000
2026-06-02T06:32:20Z INF Generated Connector ID: 7492cc5c-f91e-4a20-b061-08379e2784bd
2026-06-02T06:32:20Z INF Initial protocol quic
2026-06-02T06:32:20Z INF ICMP proxy will use 203.253.25.165 as source for IPv4
2026-06-02T06:32:20Z INF ICMP proxy will use fe80::3ae1:3c0d:ec12:c6ee in zone enp4s0 as source for IPv6
2026-06-02T06:32:20Z INF ICMP proxy will use 203.253.25.165 as source for IPv4
2026-06-02T06:32:20Z INF ICMP proxy will use fe80::3ae1:3c0d:ec12:c6ee in zone enp4s0 as source for IPv6
2026-06-02T06:32:20Z INF Starting metrics server on 127.0.0.1:20241/metrics
2026-06-02T06:32:20Z INF Tunnel connection curve preferences: [X25519MLKEM768 CurveID(65074) CurveP256] connIndex=0 event=0 ip=198.41.192.107
2026/06/02 15:32:20 failed to sufficiently increase receive buffer size (was: 208 kiB, wanted: 7168 kiB, got: 416 kiB). See https://github.com/quic-go/quic-go/wiki/UDP-Buffer-Sizes for details.
2026-06-02T06:32:20Z INF Registered tunnel connection connIndex=0 connection=765d4293-74da-48d2-a6b2-c3b86827d4b8 event=0 ip=198.41.192.107 location=icn06 protocol=quic
[2026-06-03 08:00:17] Killed old admin tunnel PID: 3453
[2026-06-03 08:00:20] Starting new admin tunnel...
[2026-06-03 08:00:20] Started cloudflared PID: 15925
[2026-06-03 08:00:24] Admin tunnel URL: https://allied-sewing-warnings-hostels.trycloudflare.com
[2026-06-03 08:00:27] WARN: Admin tunnel returned 000
[2026-06-03 08:00:27] Updating admin.html: https://looks-champagne-lying-farmers.trycloudflare.com -> https://allied-sewing-warnings-hostels.trycloudflare.com
Version auto-updated to v1337
[main 54a8cb8] Auto-update admin tunnel URL
 2 files changed, 5 insertions(+), 5 deletions(-)
To https://github.com/ssurealitylab/ssurealitylab.github.io.git
   fae7d03..54a8cb8  main -> main
[2026-06-03 08:00:30] [safe_git_push] push succeeded on attempt 1
[2026-06-03 08:00:30] Successfully pushed admin URL to GitHub
2026-06-02T23:00:20Z INF Thank you for trying Cloudflare Tunnel. Doing so, without a Cloudflare account, is a quick way to experiment and try it out. However, be aware that these account-less Tunnels have no uptime guarantee, are subject to the Cloudflare Online Services Terms of Use (https://www.cloudflare.com/website-terms/), and Cloudflare reserves the right to investigate your use of Tunnels for violations of such terms. If you intend to use Tunnels in production you should use a pre-created named tunnel by following: https://developers.cloudflare.com/cloudflare-one/connections/connect-apps
2026-06-02T23:00:20Z INF Requesting new quick Tunnel on trycloudflare.com...
2026-06-02T23:00:24Z INF +--------------------------------------------------------------------------------------------+
2026-06-02T23:00:24Z INF |  Your quick Tunnel has been created! Visit it at (it may take some time to be reachable):  |
2026-06-02T23:00:24Z INF |  https://allied-sewing-warnings-hostels.trycloudflare.com                                  |
2026-06-02T23:00:24Z INF +--------------------------------------------------------------------------------------------+
2026-06-02T23:00:24Z INF Cannot determine default configuration path. No file [config.yml config.yaml] in [~/.cloudflared ~/.cloudflare-warp ~/cloudflare-warp /etc/cloudflared /usr/local/etc/cloudflared]
2026-06-02T23:00:24Z INF Version 2026.5.0 (Checksum 0095e46fdc88855d801c4d304cb1f5dd4bd656116c47ab94c2ad0ae7cda1c7ec)
2026-06-02T23:00:24Z INF GOOS: linux, GOVersion: go1.26.2, GoArch: amd64
2026-06-02T23:00:24Z INF Settings: map[ha-connections:1 protocol:quic url:http://localhost:4010]
2026-06-02T23:00:24Z INF Autoupdate frequency is set autoupdateFreq=86400000
2026-06-02T23:00:24Z INF Generated Connector ID: b7241b8f-22f5-42df-98bb-4f51c27affae
2026-06-02T23:00:24Z INF Initial protocol quic
2026-06-02T23:00:24Z INF ICMP proxy will use 203.253.25.165 as source for IPv4
2026-06-02T23:00:24Z INF ICMP proxy will use fe80::3ae1:3c0d:ec12:c6ee in zone enp4s0 as source for IPv6
2026-06-02T23:00:24Z INF ICMP proxy will use 203.253.25.165 as source for IPv4
2026-06-02T23:00:24Z INF ICMP proxy will use fe80::3ae1:3c0d:ec12:c6ee in zone enp4s0 as source for IPv6
2026-06-02T23:00:24Z INF Starting metrics server on 127.0.0.1:20241/metrics
2026-06-02T23:00:24Z INF Tunnel connection curve preferences: [X25519MLKEM768 CurveID(65074) CurveP256] connIndex=0 event=0 ip=198.41.200.63
2026/06/03 08:00:24 failed to sufficiently increase receive buffer size (was: 208 kiB, wanted: 7168 kiB, got: 416 kiB). See https://github.com/quic-go/quic-go/wiki/UDP-Buffer-Sizes for details.
2026-06-02T23:00:24Z INF Registered tunnel connection connIndex=0 connection=77ffd839-c872-48dd-a743-3f99ac27f8a7 event=0 ip=198.41.200.63 location=icn05 protocol=quic
[2026-06-04 08:00:12] Killed old admin tunnel PID: 15925
[2026-06-04 08:00:13] Starting new admin tunnel...
[2026-06-04 08:00:13] Started cloudflared PID: 37122
[2026-06-04 08:00:15] Starting new admin tunnel...
[2026-06-04 08:00:15] Started cloudflared PID: 37140
[2026-06-04 08:00:17] Admin tunnel URL: https://boss-lease-corner-mathematics.trycloudflare.com
[2026-06-04 08:00:19] Admin tunnel URL: https://boss-lease-corner-mathematics.trycloudflare.com
[2026-06-04 08:00:20] WARN: Admin tunnel returned 000
[2026-06-04 08:00:20] Updating admin.html: https://allied-sewing-warnings-hostels.trycloudflare.com -> https://boss-lease-corner-mathematics.trycloudflare.com
Version auto-updated to v1339
[main d628034] Auto-update admin tunnel URL
 2 files changed, 5 insertions(+), 5 deletions(-)
[2026-06-04 08:00:22] WARN: Admin tunnel returned 000
[2026-06-04 08:00:22] URL unchanged, skipping git push
2026-06-03T23:00:15Z INF Thank you for trying Cloudflare Tunnel. Doing so, without a Cloudflare account, is a quick way to experiment and try it out. However, be aware that these account-less Tunnels have no uptime guarantee, are subject to the Cloudflare Online Services Terms of Use (https://www.cloudflare.com/website-terms/), and Cloudflare reserves the right to investigate your use of Tunnels for violations of such terms. If you intend to use Tunnels in production you should use a pre-created named tunnel by following: https://developers.cloudflare.com/cloudflare-one/connections/connect-apps
2026-06-03T23:00:15Z INF Requesting new quick Tunnel on trycloudflare.com...
2026-06-03T23:00:17Z INF +--------------------------------------------------------------------------------------------+
2026-06-03T23:00:17Z INF |  Your quick Tunnel has been created! Visit it at (it may take some time to be reachable):  |
2026-06-03T23:00:17Z INF |  https://boss-lease-corner-mathematics.trycloudflare.com                                   |
2026-06-03T23:00:17Z INF +--------------------------------------------------------------------------------------------+
2026-06-03T23:00:17Z INF Cannot determine default configuration path. No file [config.yml config.yaml] in [~/.cloudflared ~/.cloudflare-warp ~/cloudflare-warp /etc/cloudflared /usr/local/etc/cloudflared]
2026-06-03T23:00:17Z INF Version 2026.5.0 (Checksum 0095e46fdc88855d801c4d304cb1f5dd4bd656116c47ab94c2ad0ae7cda1c7ec)
2026-06-03T23:00:17Z INF GOOS: linux, GOVersion: go1.26.2, GoArch: amd64
2026-06-03T23:00:17Z INF Settings: map[ha-connections:1 protocol:quic url:http://localhost:4010]
2026-06-03T23:00:17Z INF Autoupdate frequency is set autoupdateFreq=86400000
2026-06-03T23:00:17Z INF Generated Connector ID: 15245df4-7b12-4c3d-8eba-b465c7fcf9f0
2026-06-03T23:00:17Z INF Initial protocol quic
2026-06-03T23:00:17Z INF ICMP proxy will use 203.253.25.165 as source for IPv4
2026-06-03T23:00:17Z INF ICMP proxy will use fe80::3ae1:3c0d:ec12:c6ee in zone enp4s0 as source for IPv6
2026-06-03T23:00:17Z INF ICMP proxy will use 203.253.25.165 as source for IPv4
2026-06-03T23:00:17Z INF ICMP proxy will use fe80::3ae1:3c0d:ec12:c6ee in zone enp4s0 as source for IPv6
2026-06-03T23:00:17Z INF Starting metrics server on 127.0.0.1:20241/metrics
2026-06-03T23:00:17Z INF Tunnel connection curve preferences: [X25519MLKEM768 CurveID(65074) CurveP256] connIndex=0 event=0 ip=198.41.192.67
2026/06/04 08:00:17 failed to sufficiently increase receive buffer size (was: 208 kiB, wanted: 7168 kiB, got: 416 kiB). See https://github.com/quic-go/quic-go/wiki/UDP-Buffer-Sizes for details.
2026-06-03T23:00:18Z INF Registered tunnel connection connIndex=0 connection=5675ac18-2928-4438-bd8c-77630082d2aa event=0 ip=198.41.192.67 location=icn06 protocol=quic
To https://github.com/ssurealitylab/ssurealitylab.github.io.git
   3f61992..d628034  main -> main
[2026-06-04 08:00:23] [safe_git_push] push succeeded on attempt 1
[2026-06-04 08:00:23] Successfully pushed admin URL to GitHub
